--
-- PostgreSQL database dump
--

\restrict XKW4cudzClvR4686TXxWUxayUnbKG6zkgXkB4vN2rOz9krcQRc7McwXFGDhKdab

-- Dumped from database version 18.1
-- Dumped by pg_dump version 18.1

-- Started on 2025-12-30 22:27:31

SET statement_timeout = 0;
SET lock_timeout = 0;
SET idle_in_transaction_session_timeout = 0;
SET transaction_timeout = 0;
SET client_encoding = 'UTF8';
SET standard_conforming_strings = on;
SELECT pg_catalog.set_config('search_path', '', false);
SET check_function_bodies = false;
SET xmloption = content;
SET client_min_messages = warning;
SET row_security = off;

SET default_tablespace = '';

SET default_table_access_method = heap;

--
-- TOC entry 223 (class 1259 OID 17744)
-- Name: achievements; Type: TABLE; Schema: public; Owner: postgres
--

CREATE TABLE public.achievements (
    achievement_id uuid DEFAULT gen_random_uuid() NOT NULL,
    player_id uuid NOT NULL,
    achievement_name character varying(100) NOT NULL,
    description text,
    achieved_at timestamp without time zone DEFAULT now() NOT NULL
);


ALTER TABLE public.achievements OWNER TO postgres;

--
-- TOC entry 221 (class 1259 OID 17699)
-- Name: ad_clicks; Type: TABLE; Schema: public; Owner: postgres
--

CREATE TABLE public.ad_clicks (
    click_id uuid DEFAULT gen_random_uuid() NOT NULL,
    player_id uuid,
    session_id uuid,
    ad_identifier character varying(100) NOT NULL,
    clicked_at timestamp without time zone DEFAULT now() NOT NULL,
    target_url text NOT NULL,
    source_context character varying(100)
);


ALTER TABLE public.ad_clicks OWNER TO postgres;

--
-- TOC entry 242 (class 1259 OID 17887)
-- Name: auth_group; Type: TABLE; Schema: public; Owner: postgres
--

CREATE TABLE public.auth_group (
    id integer NOT NULL,
    name character varying(150) NOT NULL
);


ALTER TABLE public.auth_group OWNER TO postgres;

--
-- TOC entry 241 (class 1259 OID 17886)
-- Name: auth_group_id_seq; Type: SEQUENCE; Schema: public; Owner: postgres
--

ALTER TABLE public.auth_group ALTER COLUMN id ADD GENERATED BY DEFAULT AS IDENTITY (
    SEQUENCE NAME public.auth_group_id_seq
    START WITH 1
    INCREMENT BY 1
    NO MINVALUE
    NO MAXVALUE
    CACHE 1
);


--
-- TOC entry 244 (class 1259 OID 17897)
-- Name: auth_group_permissions; Type: TABLE; Schema: public; Owner: postgres
--

CREATE TABLE public.auth_group_permissions (
    id bigint NOT NULL,
    group_id integer NOT NULL,
    permission_id integer NOT NULL
);


ALTER TABLE public.auth_group_permissions OWNER TO postgres;

--
-- TOC entry 243 (class 1259 OID 17896)
-- Name: auth_group_permissions_id_seq; Type: SEQUENCE; Schema: public; Owner: postgres
--

ALTER TABLE public.auth_group_permissions ALTER COLUMN id ADD GENERATED BY DEFAULT AS IDENTITY (
    SEQUENCE NAME public.auth_group_permissions_id_seq
    START WITH 1
    INCREMENT BY 1
    NO MINVALUE
    NO MAXVALUE
    CACHE 1
);


--
-- TOC entry 240 (class 1259 OID 17877)
-- Name: auth_permission; Type: TABLE; Schema: public; Owner: postgres
--

CREATE TABLE public.auth_permission (
    id integer NOT NULL,
    name character varying(255) NOT NULL,
    content_type_id integer NOT NULL,
    codename character varying(100) NOT NULL
);


ALTER TABLE public.auth_permission OWNER TO postgres;

--
-- TOC entry 239 (class 1259 OID 17876)
-- Name: auth_permission_id_seq; Type: SEQUENCE; Schema: public; Owner: postgres
--

ALTER TABLE public.auth_permission ALTER COLUMN id ADD GENERATED BY DEFAULT AS IDENTITY (
    SEQUENCE NAME public.auth_permission_id_seq
    START WITH 1
    INCREMENT BY 1
    NO MINVALUE
    NO MAXVALUE
    CACHE 1
);


--
-- TOC entry 246 (class 1259 OID 17906)
-- Name: auth_user; Type: TABLE; Schema: public; Owner: postgres
--

CREATE TABLE public.auth_user (
    id integer NOT NULL,
    password character varying(128) NOT NULL,
    last_login timestamp with time zone,
    is_superuser boolean NOT NULL,
    username character varying(150) NOT NULL,
    first_name character varying(150) NOT NULL,
    last_name character varying(150) NOT NULL,
    email character varying(254) NOT NULL,
    is_staff boolean NOT NULL,
    is_active boolean NOT NULL,
    date_joined timestamp with time zone NOT NULL
);


ALTER TABLE public.auth_user OWNER TO postgres;

--
-- TOC entry 248 (class 1259 OID 17925)
-- Name: auth_user_groups; Type: TABLE; Schema: public; Owner: postgres
--

CREATE TABLE public.auth_user_groups (
    id bigint NOT NULL,
    user_id integer NOT NULL,
    group_id integer NOT NULL
);


ALTER TABLE public.auth_user_groups OWNER TO postgres;

--
-- TOC entry 247 (class 1259 OID 17924)
-- Name: auth_user_groups_id_seq; Type: SEQUENCE; Schema: public; Owner: postgres
--

ALTER TABLE public.auth_user_groups ALTER COLUMN id ADD GENERATED BY DEFAULT AS IDENTITY (
    SEQUENCE NAME public.auth_user_groups_id_seq
    START WITH 1
    INCREMENT BY 1
    NO MINVALUE
    NO MAXVALUE
    CACHE 1
);


--
-- TOC entry 245 (class 1259 OID 17905)
-- Name: auth_user_id_seq; Type: SEQUENCE; Schema: public; Owner: postgres
--

ALTER TABLE public.auth_user ALTER COLUMN id ADD GENERATED BY DEFAULT AS IDENTITY (
    SEQUENCE NAME public.auth_user_id_seq
    START WITH 1
    INCREMENT BY 1
    NO MINVALUE
    NO MAXVALUE
    CACHE 1
);


--
-- TOC entry 250 (class 1259 OID 17934)
-- Name: auth_user_user_permissions; Type: TABLE; Schema: public; Owner: postgres
--

CREATE TABLE public.auth_user_user_permissions (
    id bigint NOT NULL,
    user_id integer NOT NULL,
    permission_id integer NOT NULL
);


ALTER TABLE public.auth_user_user_permissions OWNER TO postgres;

--
-- TOC entry 249 (class 1259 OID 17933)
-- Name: auth_user_user_permissions_id_seq; Type: SEQUENCE; Schema: public; Owner: postgres
--

ALTER TABLE public.auth_user_user_permissions ALTER COLUMN id ADD GENERATED BY DEFAULT AS IDENTITY (
    SEQUENCE NAME public.auth_user_user_permissions_id_seq
    START WITH 1
    INCREMENT BY 1
    NO MINVALUE
    NO MAXVALUE
    CACHE 1
);


--
-- TOC entry 254 (class 1259 OID 18054)
-- Name: buffs; Type: TABLE; Schema: public; Owner: postgres
--

CREATE TABLE public.buffs (
    buff_id uuid DEFAULT gen_random_uuid() NOT NULL,
    player_id uuid NOT NULL,
    session_id uuid,
    ad_click_id uuid,
    buff_type character varying(50) NOT NULL,
    multiplier double precision NOT NULL,
    activated_at timestamp without time zone DEFAULT now() NOT NULL,
    expires_at timestamp without time zone NOT NULL,
    is_active boolean DEFAULT true
);


ALTER TABLE public.buffs OWNER TO postgres;

--
-- TOC entry 252 (class 1259 OID 17995)
-- Name: django_admin_log; Type: TABLE; Schema: public; Owner: postgres
--

CREATE TABLE public.django_admin_log (
    id integer NOT NULL,
    action_time timestamp with time zone NOT NULL,
    object_id text,
    object_repr character varying(200) NOT NULL,
    action_flag smallint NOT NULL,
    change_message text NOT NULL,
    content_type_id integer,
    user_id integer NOT NULL,
    CONSTRAINT django_admin_log_action_flag_check CHECK ((action_flag >= 0))
);


ALTER TABLE public.django_admin_log OWNER TO postgres;

--
-- TOC entry 251 (class 1259 OID 17994)
-- Name: django_admin_log_id_seq; Type: SEQUENCE; Schema: public; Owner: postgres
--

ALTER TABLE public.django_admin_log ALTER COLUMN id ADD GENERATED BY DEFAULT AS IDENTITY (
    SEQUENCE NAME public.django_admin_log_id_seq
    START WITH 1
    INCREMENT BY 1
    NO MINVALUE
    NO MAXVALUE
    CACHE 1
);


--
-- TOC entry 238 (class 1259 OID 17865)
-- Name: django_content_type; Type: TABLE; Schema: public; Owner: postgres
--

CREATE TABLE public.django_content_type (
    id integer NOT NULL,
    app_label character varying(100) NOT NULL,
    model character varying(100) NOT NULL
);


ALTER TABLE public.django_content_type OWNER TO postgres;

--
-- TOC entry 237 (class 1259 OID 17864)
-- Name: django_content_type_id_seq; Type: SEQUENCE; Schema: public; Owner: postgres
--

ALTER TABLE public.django_content_type ALTER COLUMN id ADD GENERATED BY DEFAULT AS IDENTITY (
    SEQUENCE NAME public.django_content_type_id_seq
    START WITH 1
    INCREMENT BY 1
    NO MINVALUE
    NO MAXVALUE
    CACHE 1
);


--
-- TOC entry 236 (class 1259 OID 17853)
-- Name: django_migrations; Type: TABLE; Schema: public; Owner: postgres
--

CREATE TABLE public.django_migrations (
    id bigint NOT NULL,
    app character varying(255) NOT NULL,
    name character varying(255) NOT NULL,
    applied timestamp with time zone NOT NULL
);


ALTER TABLE public.django_migrations OWNER TO postgres;

--
-- TOC entry 235 (class 1259 OID 17852)
-- Name: django_migrations_id_seq; Type: SEQUENCE; Schema: public; Owner: postgres
--

ALTER TABLE public.django_migrations ALTER COLUMN id ADD GENERATED BY DEFAULT AS IDENTITY (
    SEQUENCE NAME public.django_migrations_id_seq
    START WITH 1
    INCREMENT BY 1
    NO MINVALUE
    NO MAXVALUE
    CACHE 1
);


--
-- TOC entry 253 (class 1259 OID 18035)
-- Name: django_session; Type: TABLE; Schema: public; Owner: postgres
--

CREATE TABLE public.django_session (
    session_key character varying(40) NOT NULL,
    session_data text NOT NULL,
    expire_date timestamp with time zone NOT NULL
);


ALTER TABLE public.django_session OWNER TO postgres;

--
-- TOC entry 229 (class 1259 OID 17795)
-- Name: enemies; Type: TABLE; Schema: public; Owner: postgres
--

CREATE TABLE public.enemies (
    enemy_id integer NOT NULL,
    enemy_name character varying(50) NOT NULL,
    base_hp integer NOT NULL,
    base_def integer NOT NULL,
    speed double precision NOT NULL,
    reward_gold integer NOT NULL,
    image_path character varying(100),
    score_reward integer DEFAULT 10 NOT NULL
);


ALTER TABLE public.enemies OWNER TO postgres;

--
-- TOC entry 228 (class 1259 OID 17794)
-- Name: enemies_enemy_id_seq; Type: SEQUENCE; Schema: public; Owner: postgres
--

CREATE SEQUENCE public.enemies_enemy_id_seq
    AS integer
    START WITH 1
    INCREMENT BY 1
    NO MINVALUE
    NO MAXVALUE
    CACHE 1;


ALTER SEQUENCE public.enemies_enemy_id_seq OWNER TO postgres;

--
-- TOC entry 5185 (class 0 OID 0)
-- Dependencies: 228
-- Name: enemies_enemy_id_seq; Type: SEQUENCE OWNED BY; Schema: public; Owner: postgres
--

ALTER SEQUENCE public.enemies_enemy_id_seq OWNED BY public.enemies.enemy_id;


--
-- TOC entry 220 (class 1259 OID 17679)
-- Name: game_sessions; Type: TABLE; Schema: public; Owner: postgres
--

CREATE TABLE public.game_sessions (
    session_id uuid DEFAULT gen_random_uuid() NOT NULL,
    player_id uuid NOT NULL,
    start_time timestamp without time zone NOT NULL,
    end_time timestamp without time zone,
    final_score bigint DEFAULT 0,
    level_reached integer DEFAULT 1,
    duration_seconds bigint GENERATED ALWAYS AS (EXTRACT(epoch FROM (end_time - start_time))) STORED,
    CONSTRAINT game_sessions_level_reached_check CHECK ((level_reached >= 1))
);


ALTER TABLE public.game_sessions OWNER TO postgres;

--
-- TOC entry 222 (class 1259 OID 17724)
-- Name: leaderboard; Type: TABLE; Schema: public; Owner: postgres
--

CREATE TABLE public.leaderboard (
    leaderboard_id uuid DEFAULT gen_random_uuid() NOT NULL,
    player_id uuid NOT NULL,
    rank integer NOT NULL,
    score bigint NOT NULL,
    achieved_at timestamp without time zone DEFAULT now() NOT NULL,
    level integer DEFAULT 1,
    updated_at timestamp without time zone DEFAULT now(),
    CONSTRAINT leaderboard_rank_check CHECK ((rank > 0))
);


ALTER TABLE public.leaderboard OWNER TO postgres;

--
-- TOC entry 219 (class 1259 OID 17661)
-- Name: players; Type: TABLE; Schema: public; Owner: postgres
--

CREATE TABLE public.players (
    player_id uuid DEFAULT gen_random_uuid() NOT NULL,
    username character varying(50) NOT NULL,
    high_score bigint DEFAULT 0,
    games_played integer DEFAULT 0,
    total_playtime_seconds bigint DEFAULT 0,
    registered_at timestamp without time zone DEFAULT now() NOT NULL,
    highest_level integer DEFAULT 1,
    CONSTRAINT players_games_played_check CHECK ((games_played >= 0)),
    CONSTRAINT players_total_playtime_seconds_check CHECK ((total_playtime_seconds >= 0))
);


ALTER TABLE public.players OWNER TO postgres;

--
-- TOC entry 234 (class 1259 OID 17836)
-- Name: session_stats; Type: TABLE; Schema: public; Owner: postgres
--

CREATE TABLE public.session_stats (
    stat_id uuid DEFAULT gen_random_uuid() NOT NULL,
    session_id uuid,
    towers_built integer DEFAULT 0,
    towers_upgraded integer DEFAULT 0,
    enemies_killed integer DEFAULT 0,
    gold_earned integer DEFAULT 0
);


ALTER TABLE public.session_stats OWNER TO postgres;

--
-- TOC entry 227 (class 1259 OID 17777)
-- Name: tower_upgrades; Type: TABLE; Schema: public; Owner: postgres
--

CREATE TABLE public.tower_upgrades (
    upgrade_id integer NOT NULL,
    tower_id integer,
    upgrade_level integer NOT NULL,
    damage_bonus integer DEFAULT 0,
    speed_bonus double precision DEFAULT 0,
    range_bonus double precision DEFAULT 0,
    cost integer NOT NULL,
    image_path character varying(100)
);


ALTER TABLE public.tower_upgrades OWNER TO postgres;

--
-- TOC entry 226 (class 1259 OID 17776)
-- Name: tower_upgrades_upgrade_id_seq; Type: SEQUENCE; Schema: public; Owner: postgres
--

CREATE SEQUENCE public.tower_upgrades_upgrade_id_seq
    AS integer
    START WITH 1
    INCREMENT BY 1
    NO MINVALUE
    NO MAXVALUE
    CACHE 1;


ALTER SEQUENCE public.tower_upgrades_upgrade_id_seq OWNER TO postgres;

--
-- TOC entry 5186 (class 0 OID 0)
-- Dependencies: 226
-- Name: tower_upgrades_upgrade_id_seq; Type: SEQUENCE OWNED BY; Schema: public; Owner: postgres
--

ALTER SEQUENCE public.tower_upgrades_upgrade_id_seq OWNED BY public.tower_upgrades.upgrade_id;


--
-- TOC entry 225 (class 1259 OID 17764)
-- Name: towers; Type: TABLE; Schema: public; Owner: postgres
--

CREATE TABLE public.towers (
    tower_id integer NOT NULL,
    tower_name character varying(50) NOT NULL,
    base_damage integer NOT NULL,
    attack_speed double precision NOT NULL,
    range double precision NOT NULL,
    cost integer NOT NULL,
    image_path character varying(100)
);


ALTER TABLE public.towers OWNER TO postgres;

--
-- TOC entry 224 (class 1259 OID 17763)
-- Name: towers_tower_id_seq; Type: SEQUENCE; Schema: public; Owner: postgres
--

CREATE SEQUENCE public.towers_tower_id_seq
    AS integer
    START WITH 1
    INCREMENT BY 1
    NO MINVALUE
    NO MAXVALUE
    CACHE 1;


ALTER SEQUENCE public.towers_tower_id_seq OWNER TO postgres;

--
-- TOC entry 5187 (class 0 OID 0)
-- Dependencies: 224
-- Name: towers_tower_id_seq; Type: SEQUENCE OWNED BY; Schema: public; Owner: postgres
--

ALTER SEQUENCE public.towers_tower_id_seq OWNED BY public.towers.tower_id;


--
-- TOC entry 233 (class 1259 OID 17817)
-- Name: wave_enemies; Type: TABLE; Schema: public; Owner: postgres
--

CREATE TABLE public.wave_enemies (
    wave_enemy_id integer NOT NULL,
    wave_id integer,
    enemy_id integer,
    enemy_count integer NOT NULL,
    spawn_interval double precision NOT NULL
);


ALTER TABLE public.wave_enemies OWNER TO postgres;

--
-- TOC entry 232 (class 1259 OID 17816)
-- Name: wave_enemies_wave_enemy_id_seq; Type: SEQUENCE; Schema: public; Owner: postgres
--

CREATE SEQUENCE public.wave_enemies_wave_enemy_id_seq
    AS integer
    START WITH 1
    INCREMENT BY 1
    NO MINVALUE
    NO MAXVALUE
    CACHE 1;


ALTER SEQUENCE public.wave_enemies_wave_enemy_id_seq OWNER TO postgres;

--
-- TOC entry 5188 (class 0 OID 0)
-- Dependencies: 232
-- Name: wave_enemies_wave_enemy_id_seq; Type: SEQUENCE OWNED BY; Schema: public; Owner: postgres
--

ALTER SEQUENCE public.wave_enemies_wave_enemy_id_seq OWNED BY public.wave_enemies.wave_enemy_id;


--
-- TOC entry 231 (class 1259 OID 17808)
-- Name: waves; Type: TABLE; Schema: public; Owner: postgres
--

CREATE TABLE public.waves (
    wave_id integer NOT NULL,
    wave_number integer NOT NULL
);


ALTER TABLE public.waves OWNER TO postgres;

--
-- TOC entry 230 (class 1259 OID 17807)
-- Name: waves_wave_id_seq; Type: SEQUENCE; Schema: public; Owner: postgres
--

CREATE SEQUENCE public.waves_wave_id_seq
    AS integer
    START WITH 1
    INCREMENT BY 1
    NO MINVALUE
    NO MAXVALUE
    CACHE 1;


ALTER SEQUENCE public.waves_wave_id_seq OWNER TO postgres;

--
-- TOC entry 5189 (class 0 OID 0)
-- Dependencies: 230
-- Name: waves_wave_id_seq; Type: SEQUENCE OWNED BY; Schema: public; Owner: postgres
--

ALTER SEQUENCE public.waves_wave_id_seq OWNED BY public.waves.wave_id;


--
-- TOC entry 4875 (class 2604 OID 17798)
-- Name: enemies enemy_id; Type: DEFAULT; Schema: public; Owner: postgres
--

ALTER TABLE ONLY public.enemies ALTER COLUMN enemy_id SET DEFAULT nextval('public.enemies_enemy_id_seq'::regclass);


--
-- TOC entry 4871 (class 2604 OID 17780)
-- Name: tower_upgrades upgrade_id; Type: DEFAULT; Schema: public; Owner: postgres
--

ALTER TABLE ONLY public.tower_upgrades ALTER COLUMN upgrade_id SET DEFAULT nextval('public.tower_upgrades_upgrade_id_seq'::regclass);


--
-- TOC entry 4870 (class 2604 OID 17767)
-- Name: towers tower_id; Type: DEFAULT; Schema: public; Owner: postgres
--

ALTER TABLE ONLY public.towers ALTER COLUMN tower_id SET DEFAULT nextval('public.towers_tower_id_seq'::regclass);


--
-- TOC entry 4878 (class 2604 OID 17820)
-- Name: wave_enemies wave_enemy_id; Type: DEFAULT; Schema: public; Owner: postgres
--

ALTER TABLE ONLY public.wave_enemies ALTER COLUMN wave_enemy_id SET DEFAULT nextval('public.wave_enemies_wave_enemy_id_seq'::regclass);


--
-- TOC entry 4877 (class 2604 OID 17811)
-- Name: waves wave_id; Type: DEFAULT; Schema: public; Owner: postgres
--

ALTER TABLE ONLY public.waves ALTER COLUMN wave_id SET DEFAULT nextval('public.waves_wave_id_seq'::regclass);


--
-- TOC entry 5148 (class 0 OID 17744)
-- Dependencies: 223
-- Data for Name: achievements; Type: TABLE DATA; Schema: public; Owner: postgres
--

COPY public.achievements (achievement_id, player_id, achievement_name, description, achieved_at) FROM stdin;
\.


--
-- TOC entry 5146 (class 0 OID 17699)
-- Dependencies: 221
-- Data for Name: ad_clicks; Type: TABLE DATA; Schema: public; Owner: postgres
--

COPY public.ad_clicks (click_id, player_id, session_id, ad_identifier, clicked_at, target_url, source_context) FROM stdin;
a6e87621-7195-4cd7-bff2-38acf865d31b	693693a6-b266-41d4-899a-13ea54a74951	5e8c05c9-61a4-4780-b54e-d108e9046db8	web-ad-1767039795418	2025-12-29 20:23:15.509153	https://example.com	game_buff
b8405949-5aac-4bdf-b054-4089e788308d	693693a6-b266-41d4-899a-13ea54a74951	2571993d-dac6-4a35-97ef-8f6abaca4922	web-ad-1767067204342	2025-12-30 04:00:04.422717	https://example.com	game_buff
ac79d4ff-d7d8-49ea-8a44-8c295f905177	693693a6-b266-41d4-899a-13ea54a74951	0b9c9584-df73-4e62-8403-0faf2047c826	web-ad-1767090904685	2025-12-30 10:35:04.743266	https://example.com	game_buff
7154b368-56f8-4aea-b8b2-58a92eca7ac2	693693a6-b266-41d4-899a-13ea54a74951	105cf917-fb2b-4b37-801f-557c03dec641	web-ad-1767093505639	2025-12-30 11:18:25.807879	https://example.com	game_buff
256bfe72-33a5-4bd3-bc8f-2122d4af2a02	693693a6-b266-41d4-899a-13ea54a74951	4c2521d1-ee2b-4c28-afdc-0472a4fe03e3	web-ad-1767093785125	2025-12-30 11:23:05.178914	https://example.com	game_buff
03fd6801-958b-4ade-8a43-5edc33e23af2	693693a6-b266-41d4-899a-13ea54a74951	038d6264-b5d7-4a66-b5d8-f99cb9f1ab9c	web-ad-1767094146064	2025-12-30 11:29:06.225286	https://example.com	game_buff
\.


--
-- TOC entry 5167 (class 0 OID 17887)
-- Dependencies: 242
-- Data for Name: auth_group; Type: TABLE DATA; Schema: public; Owner: postgres
--

COPY public.auth_group (id, name) FROM stdin;
\.


--
-- TOC entry 5169 (class 0 OID 17897)
-- Dependencies: 244
-- Data for Name: auth_group_permissions; Type: TABLE DATA; Schema: public; Owner: postgres
--

COPY public.auth_group_permissions (id, group_id, permission_id) FROM stdin;
\.


--
-- TOC entry 5165 (class 0 OID 17877)
-- Dependencies: 240
-- Data for Name: auth_permission; Type: TABLE DATA; Schema: public; Owner: postgres
--

COPY public.auth_permission (id, name, content_type_id, codename) FROM stdin;
1	Can add log entry	1	add_logentry
2	Can change log entry	1	change_logentry
3	Can delete log entry	1	delete_logentry
4	Can view log entry	1	view_logentry
5	Can add permission	3	add_permission
6	Can change permission	3	change_permission
7	Can delete permission	3	delete_permission
8	Can view permission	3	view_permission
9	Can add group	2	add_group
10	Can change group	2	change_group
11	Can delete group	2	delete_group
12	Can view group	2	view_group
13	Can add user	4	add_user
14	Can change user	4	change_user
15	Can delete user	4	delete_user
16	Can view user	4	view_user
17	Can add content type	5	add_contenttype
18	Can change content type	5	change_contenttype
19	Can delete content type	5	delete_contenttype
20	Can view content type	5	view_contenttype
21	Can add session	6	add_session
22	Can change session	6	change_session
23	Can delete session	6	delete_session
24	Can view session	6	view_session
25	Can add player	7	add_player
26	Can change player	7	change_player
27	Can delete player	7	delete_player
28	Can view player	7	view_player
29	Can add tower	14	add_tower
30	Can change tower	14	change_tower
31	Can delete tower	14	delete_tower
32	Can view tower	14	view_tower
33	Can add tower upgrade	15	add_towerupgrade
34	Can change tower upgrade	15	change_towerupgrade
35	Can delete tower upgrade	15	delete_towerupgrade
36	Can view tower upgrade	15	view_towerupgrade
37	Can add enemy	10	add_enemy
38	Can change enemy	10	change_enemy
39	Can delete enemy	10	delete_enemy
40	Can view enemy	10	view_enemy
41	Can add wave	16	add_wave
42	Can change wave	16	change_wave
43	Can delete wave	16	delete_wave
44	Can view wave	16	view_wave
45	Can add wave enemy	17	add_waveenemy
46	Can change wave enemy	17	change_waveenemy
47	Can delete wave enemy	17	delete_waveenemy
48	Can view wave enemy	17	view_waveenemy
49	Can add game session	11	add_gamesession
50	Can change game session	11	change_gamesession
51	Can delete game session	11	delete_gamesession
52	Can view game session	11	view_gamesession
53	Can add session stats	13	add_sessionstats
54	Can change session stats	13	change_sessionstats
55	Can delete session stats	13	delete_sessionstats
56	Can view session stats	13	view_sessionstats
57	Can add leaderboard	12	add_leaderboard
58	Can change leaderboard	12	change_leaderboard
59	Can delete leaderboard	12	delete_leaderboard
60	Can view leaderboard	12	view_leaderboard
61	Can add achievement	8	add_achievement
62	Can change achievement	8	change_achievement
63	Can delete achievement	8	delete_achievement
64	Can view achievement	8	view_achievement
65	Can add ad click	9	add_adclick
66	Can change ad click	9	change_adclick
67	Can delete ad click	9	delete_adclick
68	Can view ad click	9	view_adclick
69	Can add advertisement	18	add_advertisement
70	Can change advertisement	18	change_advertisement
71	Can delete advertisement	18	delete_advertisement
72	Can view advertisement	18	view_advertisement
73	Can add buff	19	add_buff
74	Can change buff	19	change_buff
75	Can delete buff	19	delete_buff
76	Can view buff	19	view_buff
\.


--
-- TOC entry 5171 (class 0 OID 17906)
-- Dependencies: 246
-- Data for Name: auth_user; Type: TABLE DATA; Schema: public; Owner: postgres
--

COPY public.auth_user (id, password, last_login, is_superuser, username, first_name, last_name, email, is_staff, is_active, date_joined) FROM stdin;
1	pbkdf2_sha256$1200000$Vdup6Uwtfu4RwzGzDiB6ix$bmfzEd4kqqZc1PwjvnmrSn9qvZ40I0IDPPw3lOj9/Fw=	2025-12-30 22:09:07.04006+08	f	Carlito			carlitotagarro0@gmail.com	f	t	2025-12-26 22:29:20.386246+08
\.


--
-- TOC entry 5173 (class 0 OID 17925)
-- Dependencies: 248
-- Data for Name: auth_user_groups; Type: TABLE DATA; Schema: public; Owner: postgres
--

COPY public.auth_user_groups (id, user_id, group_id) FROM stdin;
\.


--
-- TOC entry 5175 (class 0 OID 17934)
-- Dependencies: 250
-- Data for Name: auth_user_user_permissions; Type: TABLE DATA; Schema: public; Owner: postgres
--

COPY public.auth_user_user_permissions (id, user_id, permission_id) FROM stdin;
\.


--
-- TOC entry 5179 (class 0 OID 18054)
-- Dependencies: 254
-- Data for Name: buffs; Type: TABLE DATA; Schema: public; Owner: postgres
--

COPY public.buffs (buff_id, player_id, session_id, ad_click_id, buff_type, multiplier, activated_at, expires_at, is_active) FROM stdin;
25082a7e-ae5a-49ec-a997-2a9373247e84	693693a6-b266-41d4-899a-13ea54a74951	5e8c05c9-61a4-4780-b54e-d108e9046db8	a6e87621-7195-4cd7-bff2-38acf865d31b	2x_gameplay	2	2025-12-29 20:23:17.170565	2025-12-29 20:24:17.170565	f
4fd9212b-4f8e-4550-aa25-267ca69d0b4b	693693a6-b266-41d4-899a-13ea54a74951	2571993d-dac6-4a35-97ef-8f6abaca4922	b8405949-5aac-4bdf-b054-4089e788308d	2x_damage	2	2025-12-30 04:00:05.663206	2025-12-30 04:01:05.663206	f
6fd9e2ae-f5ce-4fea-a46c-23ffabecaf25	693693a6-b266-41d4-899a-13ea54a74951	0b9c9584-df73-4e62-8403-0faf2047c826	ac79d4ff-d7d8-49ea-8a44-8c295f905177	2x_gameplay	2	2025-12-30 10:35:07.220641	2025-12-30 10:36:07.220641	f
ae2476ea-770a-4d2f-bdf2-5a7d6858a4c2	693693a6-b266-41d4-899a-13ea54a74951	105cf917-fb2b-4b37-801f-557c03dec641	7154b368-56f8-4aea-b8b2-58a92eca7ac2	2x_gameplay	2	2025-12-30 11:18:26.707894	2025-12-30 11:19:26.707894	f
ce82ab05-b001-4464-90c4-9e32aed83602	693693a6-b266-41d4-899a-13ea54a74951	4c2521d1-ee2b-4c28-afdc-0472a4fe03e3	256bfe72-33a5-4bd3-bc8f-2122d4af2a02	2x_gameplay	2	2025-12-30 11:23:07.636728	2025-12-30 11:24:07.636728	f
8963c15d-bfa0-4752-b8f4-4ad4a504a0f8	693693a6-b266-41d4-899a-13ea54a74951	038d6264-b5d7-4a66-b5d8-f99cb9f1ab9c	03fd6801-958b-4ade-8a43-5edc33e23af2	2x_gameplay	2	2025-12-30 11:29:07.21559	2025-12-30 11:30:07.21559	f
\.


--
-- TOC entry 5177 (class 0 OID 17995)
-- Dependencies: 252
-- Data for Name: django_admin_log; Type: TABLE DATA; Schema: public; Owner: postgres
--

COPY public.django_admin_log (id, action_time, object_id, object_repr, action_flag, change_message, content_type_id, user_id) FROM stdin;
\.


--
-- TOC entry 5163 (class 0 OID 17865)
-- Dependencies: 238
-- Data for Name: django_content_type; Type: TABLE DATA; Schema: public; Owner: postgres
--

COPY public.django_content_type (id, app_label, model) FROM stdin;
1	admin	logentry
2	auth	group
3	auth	permission
4	auth	user
5	contenttypes	contenttype
6	sessions	session
7	authentication	player
8	game	achievement
9	game	adclick
10	game	enemy
11	game	gamesession
12	game	leaderboard
13	game	sessionstats
14	game	tower
15	game	towerupgrade
16	game	wave
17	game	waveenemy
18	game	advertisement
19	game	buff
\.


--
-- TOC entry 5161 (class 0 OID 17853)
-- Dependencies: 236
-- Data for Name: django_migrations; Type: TABLE DATA; Schema: public; Owner: postgres
--

COPY public.django_migrations (id, app, name, applied) FROM stdin;
1	contenttypes	0001_initial	2025-12-26 22:04:50.581299+08
2	auth	0001_initial	2025-12-26 22:04:50.644226+08
3	admin	0001_initial	2025-12-26 22:04:50.666128+08
4	admin	0002_logentry_remove_auto_add	2025-12-26 22:04:50.673671+08
5	admin	0003_logentry_add_action_flag_choices	2025-12-26 22:04:50.680645+08
6	contenttypes	0002_remove_content_type_name	2025-12-26 22:04:50.705371+08
7	auth	0002_alter_permission_name_max_length	2025-12-26 22:04:50.714154+08
8	auth	0003_alter_user_email_max_length	2025-12-26 22:04:50.723228+08
9	auth	0004_alter_user_username_opts	2025-12-26 22:04:50.730574+08
10	auth	0005_alter_user_last_login_null	2025-12-26 22:04:50.738657+08
11	auth	0006_require_contenttypes_0002	2025-12-26 22:04:50.740203+08
12	auth	0007_alter_validators_add_error_messages	2025-12-26 22:04:50.747812+08
13	auth	0008_alter_user_username_max_length	2025-12-26 22:04:50.760429+08
14	auth	0009_alter_user_last_name_max_length	2025-12-26 22:04:50.769049+08
15	auth	0010_alter_group_name_max_length	2025-12-26 22:04:50.780264+08
16	auth	0011_update_proxy_permissions	2025-12-26 22:04:50.798147+08
17	auth	0012_alter_user_first_name_max_length	2025-12-26 22:04:50.813673+08
18	sessions	0001_initial	2025-12-26 22:04:50.82213+08
19	game	0001_initial	2025-12-29 12:41:37.267655+08
20	game	0002_alter_enemy_options	2025-12-30 12:53:21.059479+08
21	game	0003_enemy_type	2025-12-30 12:54:17.605088+08
\.


--
-- TOC entry 5178 (class 0 OID 18035)
-- Dependencies: 253
-- Data for Name: django_session; Type: TABLE DATA; Schema: public; Owner: postgres
--

COPY public.django_session (session_key, session_data, expire_date) FROM stdin;
li0cb70fnz2yd5ab6owmxzswdcsbqtsw	.eJxVjEEOwiAQRe_C2hAoM21x6d4zkIEZpGpoUtqV8e7apAvd_vfef6lA21rC1mQJE6uzsur0u0VKD6k74DvV26zTXNdlinpX9EGbvs4sz8vh_h0UauVbY-oBgDo7EkYAn2XIDL1PErGjZAlghIzknGEj3qCIY58HZwm981G9P-FhN9c:1vaaPL:dDkUV4q-7GpYV77iY8WaCNoaHexv-7NCdjB4VoNFLYU	2026-01-13 22:09:07.042434+08
\.


--
-- TOC entry 5154 (class 0 OID 17795)
-- Dependencies: 229
-- Data for Name: enemies; Type: TABLE DATA; Schema: public; Owner: postgres
--

COPY public.enemies (enemy_id, enemy_name, base_hp, base_def, speed, reward_gold, image_path, score_reward) FROM stdin;
1	Goblin	30	2	1.2	5	img/goblin.png	10
\.


--
-- TOC entry 5145 (class 0 OID 17679)
-- Dependencies: 220
-- Data for Name: game_sessions; Type: TABLE DATA; Schema: public; Owner: postgres
--

COPY public.game_sessions (session_id, player_id, start_time, end_time, final_score, level_reached) FROM stdin;
0e2e7866-d207-44bd-8c96-9a3e84e98c88	693693a6-b266-41d4-899a-13ea54a74951	2025-12-29 11:37:29.951419	2025-12-29 11:43:50.406624	1070	8
8ca1be6f-861d-42a9-8da1-7ffff76b1f7b	693693a6-b266-41d4-899a-13ea54a74951	2025-12-29 11:44:07.8432	2025-12-29 11:59:08.458256	270	4
e1cb7da1-160e-4f13-bd66-af877563d605	693693a6-b266-41d4-899a-13ea54a74951	2025-12-29 13:43:27.170227	\N	0	1
71c72f72-1330-42e8-9d08-416db6c0d81c	693693a6-b266-41d4-899a-13ea54a74951	2025-12-29 13:46:15.411426	2025-12-29 13:55:00.581488	0	1
133e460b-fcc7-4797-bf39-34149a0a833a	693693a6-b266-41d4-899a-13ea54a74951	2025-12-29 15:23:21.575282	2025-12-29 15:27:32.687975	0	2
673dd8fc-1a0f-4e3b-b902-f30d5a19e75a	693693a6-b266-41d4-899a-13ea54a74951	2025-12-29 16:02:22.40766	\N	0	1
a1e5cc8d-0849-4e9b-8116-94e4d265c1cc	693693a6-b266-41d4-899a-13ea54a74951	2025-12-29 16:56:02.291719	2025-12-29 17:21:14.967819	50	2
37ada425-a23e-4fe3-ab14-5e157717dbb3	693693a6-b266-41d4-899a-13ea54a74951	2025-12-29 17:47:39.436126	\N	0	1
7bffb21b-a061-4c8c-8db4-a03b974e7709	693693a6-b266-41d4-899a-13ea54a74951	2025-12-29 17:53:59.941407	\N	0	1
5b902556-6c6b-488f-978d-fb08e73e224e	693693a6-b266-41d4-899a-13ea54a74951	2025-12-29 17:54:42.379438	\N	0	1
4f0e75b0-a210-4f69-a61c-adea5f2b620c	693693a6-b266-41d4-899a-13ea54a74951	2025-12-29 18:09:31.647324	\N	0	1
e4013f6c-29c5-40fd-b9bb-c63ee8fd9743	693693a6-b266-41d4-899a-13ea54a74951	2025-12-29 18:13:07.568886	\N	0	1
e1bc280b-4762-4c1b-b7c9-34a58f149d11	693693a6-b266-41d4-899a-13ea54a74951	2025-12-29 18:15:33.186746	\N	0	1
f54b920e-119e-4a35-a54a-053fee2689da	693693a6-b266-41d4-899a-13ea54a74951	2025-12-29 18:24:57.847772	2025-12-29 18:53:37.879279	0	1
82a51e7b-8ec8-4645-ac61-0aea002dd6d1	693693a6-b266-41d4-899a-13ea54a74951	2025-12-29 19:30:40.405892	\N	0	1
5cc808c4-0194-4ccf-a67b-4f8c0eb664c8	693693a6-b266-41d4-899a-13ea54a74951	2025-12-29 19:31:22.106822	\N	0	1
bf1f06dd-5bc5-4b36-bfa9-8e6f13406f5d	693693a6-b266-41d4-899a-13ea54a74951	2025-12-29 19:32:02.746971	\N	0	1
08e50bf9-a35c-4631-9bbc-11fa6916bce9	693693a6-b266-41d4-899a-13ea54a74951	2025-12-29 19:32:14.651712	\N	0	1
71521856-683e-437f-81fc-f48ebf78834c	693693a6-b266-41d4-899a-13ea54a74951	2025-12-29 19:34:10.838421	\N	0	1
abed0778-6f72-47e5-940b-95e691aa3462	693693a6-b266-41d4-899a-13ea54a74951	2025-12-29 19:36:25.065737	\N	0	1
e2c6810a-7f6d-4cbc-9918-708cea787bf4	693693a6-b266-41d4-899a-13ea54a74951	2025-12-29 19:36:38.104834	\N	0	1
11278255-f74f-43bb-8e1b-05c238f14a60	693693a6-b266-41d4-899a-13ea54a74951	2025-12-29 19:36:54.580954	\N	0	1
aa677359-fd33-4dbf-87a1-f2355090e9d9	693693a6-b266-41d4-899a-13ea54a74951	2025-12-29 19:40:18.065679	\N	0	1
781c379b-029c-4471-9832-2214186d17e7	693693a6-b266-41d4-899a-13ea54a74951	2025-12-29 19:41:24.937483	\N	0	1
359a3427-139d-4ee8-8691-9cd94a424b4e	693693a6-b266-41d4-899a-13ea54a74951	2025-12-29 19:52:14.968521	\N	0	1
3da13986-9cee-4fbc-a5cf-5607e0d6f817	693693a6-b266-41d4-899a-13ea54a74951	2025-12-29 19:58:46.83802	2025-12-29 20:00:47.149582	0	3
9417cd82-a217-41cd-9ab4-afe02f3868ee	693693a6-b266-41d4-899a-13ea54a74951	2025-12-29 20:00:51.024666	\N	0	1
feb4aac3-baa5-4914-ab40-133aaee5f431	693693a6-b266-41d4-899a-13ea54a74951	2025-12-29 20:02:00.652619	\N	0	1
83a3fe4a-b464-4f98-9904-47436b94b93b	693693a6-b266-41d4-899a-13ea54a74951	2025-12-29 20:06:36.613053	\N	0	1
339f9498-858a-42dc-a0a4-2b4227783f01	693693a6-b266-41d4-899a-13ea54a74951	2025-12-29 20:09:14.512012	\N	0	1
9d9ca62f-2da2-4995-ba25-955fddab4be0	693693a6-b266-41d4-899a-13ea54a74951	2025-12-29 20:14:22.023629	\N	0	1
d3c23782-0540-4860-8790-30f3ee62f806	693693a6-b266-41d4-899a-13ea54a74951	2025-12-29 20:15:43.936017	\N	0	1
38d1df7a-dd5e-4516-b2a7-189e2ef0a0bf	693693a6-b266-41d4-899a-13ea54a74951	2025-12-29 20:16:24.494425	\N	0	1
b4ded5fb-0208-400e-921a-a74a6aabaa71	693693a6-b266-41d4-899a-13ea54a74951	2025-12-29 20:16:37.356961	\N	0	1
7681efc5-36c6-4c62-8625-11643152adf4	693693a6-b266-41d4-899a-13ea54a74951	2025-12-29 20:20:09.79908	\N	0	1
411b335a-62a5-46d1-a0d5-430da88d4e01	693693a6-b266-41d4-899a-13ea54a74951	2025-12-29 20:21:40.320984	\N	0	1
5e8c05c9-61a4-4780-b54e-d108e9046db8	693693a6-b266-41d4-899a-13ea54a74951	2025-12-29 20:21:56.85627	2025-12-29 20:23:43.919408	0	3
3f4eebd8-947a-4bcd-a53f-1c71037e6b7d	693693a6-b266-41d4-899a-13ea54a74951	2025-12-29 20:23:49.405631	\N	0	1
2e073de8-7039-49a0-afd5-ee72105c431a	693693a6-b266-41d4-899a-13ea54a74951	2025-12-29 20:25:32.073895	\N	0	1
1ff4b503-2a2e-4474-9d75-ee9b954f4536	693693a6-b266-41d4-899a-13ea54a74951	2025-12-29 20:25:50.045724	\N	0	1
b135ecf3-226b-403e-849f-ed3dbb7bcca8	693693a6-b266-41d4-899a-13ea54a74951	2025-12-29 20:30:47.049539	\N	0	1
af024c6f-e1d2-4e57-951e-5bcb39ddb26a	693693a6-b266-41d4-899a-13ea54a74951	2025-12-29 20:32:19.266947	\N	0	1
5ff27f62-a478-4101-b709-77487f1ed44e	693693a6-b266-41d4-899a-13ea54a74951	2025-12-29 20:35:38.808053	\N	0	1
2fcd8ef8-00d4-4364-b32f-c31cd88a9cac	693693a6-b266-41d4-899a-13ea54a74951	2025-12-29 20:36:02.999597	\N	0	1
f2ada7c7-f0ee-4fcc-b666-a055be9e5f0a	693693a6-b266-41d4-899a-13ea54a74951	2025-12-29 20:39:29.876871	\N	0	1
c71ab23b-f4ae-4245-aa3f-6bea874b12b0	693693a6-b266-41d4-899a-13ea54a74951	2025-12-29 20:40:43.321815	\N	0	1
657ae087-d28d-4614-a794-0bc335acd051	693693a6-b266-41d4-899a-13ea54a74951	2025-12-29 20:48:16.802272	\N	0	1
41b56a56-c3e8-4551-803c-f06b21b2ae49	693693a6-b266-41d4-899a-13ea54a74951	2025-12-29 20:56:40.686048	\N	0	1
246d8435-986b-40a4-88a7-5269054383ad	693693a6-b266-41d4-899a-13ea54a74951	2025-12-29 20:58:45.478444	\N	0	1
722363b3-aa33-4ee6-86d2-01a65e607f4d	693693a6-b266-41d4-899a-13ea54a74951	2025-12-29 21:04:35.036737	\N	0	1
2571993d-dac6-4a35-97ef-8f6abaca4922	693693a6-b266-41d4-899a-13ea54a74951	2025-12-30 03:59:23.854467	\N	0	1
642d72a2-0fa4-446d-824d-7137af8deb93	693693a6-b266-41d4-899a-13ea54a74951	2025-12-30 04:04:39.875972	2025-12-30 04:06:25.059309	70	2
96650f14-7a6e-4895-a1ed-76bd420200cd	693693a6-b266-41d4-899a-13ea54a74951	2025-12-30 04:06:43.393865	\N	0	1
225e5069-984a-43c2-ab0e-dd175d776876	693693a6-b266-41d4-899a-13ea54a74951	2025-12-30 04:06:51.01717	2025-12-30 04:06:54.988699	0	1
34ad18c0-6f90-419f-9faa-4f437718d3fd	693693a6-b266-41d4-899a-13ea54a74951	2025-12-30 04:06:56.769813	2025-12-30 04:06:59.478052	0	1
8d6351e1-63fb-403f-b74f-eca464e6c9a1	693693a6-b266-41d4-899a-13ea54a74951	2025-12-30 04:07:00.905828	\N	0	1
7500a43a-934a-4401-8803-35efea20ac78	693693a6-b266-41d4-899a-13ea54a74951	2025-12-30 04:09:58.629785	2025-12-30 04:11:22.63566	90	2
57e470d8-3881-4d3f-a48b-13a04167bcd9	693693a6-b266-41d4-899a-13ea54a74951	2025-12-30 04:12:25.49637	\N	0	1
29285ce8-3748-4e8e-8df4-c2f0286410bf	693693a6-b266-41d4-899a-13ea54a74951	2025-12-30 04:28:38.489218	\N	0	1
605cac4a-2508-4ec8-9597-337cda62519e	693693a6-b266-41d4-899a-13ea54a74951	2025-12-30 04:32:37.749113	\N	0	1
5e284585-2a4b-4699-8d7c-4f7cb7a86d05	693693a6-b266-41d4-899a-13ea54a74951	2025-12-30 04:32:45.701176	2025-12-30 04:36:03.698312	0	1
47071dfa-6208-4a40-8976-9e9f026951b1	693693a6-b266-41d4-899a-13ea54a74951	2025-12-30 04:36:07.299116	\N	0	1
b2778925-4a3c-49f2-b105-47bbdf8a7c1a	693693a6-b266-41d4-899a-13ea54a74951	2025-12-30 04:41:23.895778	\N	0	1
8383413b-e687-4c76-b18f-3caca2192951	693693a6-b266-41d4-899a-13ea54a74951	2025-12-30 04:49:10.583881	\N	0	1
72849f21-30c4-4c7d-95ac-35dceb562463	693693a6-b266-41d4-899a-13ea54a74951	2025-12-30 04:56:20.55205	\N	0	1
f347cabd-354f-4cf8-8140-6c6832668d42	693693a6-b266-41d4-899a-13ea54a74951	2025-12-30 05:00:17.468211	\N	0	1
c0c76998-fce5-4ac3-bfa7-93a69eb64ef6	693693a6-b266-41d4-899a-13ea54a74951	2025-12-30 05:08:05.463486	\N	0	1
ffeca0b7-3908-466c-ac23-9d5e57120819	693693a6-b266-41d4-899a-13ea54a74951	2025-12-30 05:09:34.287051	\N	0	1
d86d0c32-cc7b-4570-ad1d-23dcbf8d945f	693693a6-b266-41d4-899a-13ea54a74951	2025-12-30 05:09:42.71867	\N	0	1
c7bfdd08-3297-4cee-8b45-dcc940d20416	693693a6-b266-41d4-899a-13ea54a74951	2025-12-30 05:12:24.148945	\N	0	1
dc1e906d-51b8-491d-a21b-8902aec1e30b	693693a6-b266-41d4-899a-13ea54a74951	2025-12-30 05:12:56.827593	\N	0	1
052ad714-a1ce-4eea-9d6e-8947ac0ea920	693693a6-b266-41d4-899a-13ea54a74951	2025-12-30 05:13:15.483359	\N	0	1
77d140c8-4d6e-4c8a-94be-dd52637e3cbf	693693a6-b266-41d4-899a-13ea54a74951	2025-12-30 05:14:09.603205	\N	0	1
0346a5cd-25e2-4a30-905b-64df9de8494c	693693a6-b266-41d4-899a-13ea54a74951	2025-12-30 05:48:12.066785	\N	0	1
7abf9f5c-3298-4585-b427-3b99c60f2843	693693a6-b266-41d4-899a-13ea54a74951	2025-12-30 05:51:21.39876	\N	0	1
727d72bb-528b-44f5-93dc-763df1af3e2c	693693a6-b266-41d4-899a-13ea54a74951	2025-12-30 06:03:02.39213	\N	0	1
fd91b244-1e00-4034-9835-a8b89a83ba77	693693a6-b266-41d4-899a-13ea54a74951	2025-12-30 06:04:51.191078	\N	0	1
2446d832-d87f-4f8f-8056-60f38830439e	693693a6-b266-41d4-899a-13ea54a74951	2025-12-30 06:06:14.147139	\N	0	1
79fe83cf-67c1-40ba-916a-cfd074910712	693693a6-b266-41d4-899a-13ea54a74951	2025-12-30 06:06:33.574535	\N	0	1
0e4c748b-d169-48d8-8188-c6c09f9a45c0	693693a6-b266-41d4-899a-13ea54a74951	2025-12-30 06:06:44.300595	\N	0	1
8538e43e-e435-4a38-8953-52ec012b933b	693693a6-b266-41d4-899a-13ea54a74951	2025-12-30 06:10:57.82127	\N	0	1
4f5a4ae2-9d88-4a1f-a9ae-f0279821c8b2	693693a6-b266-41d4-899a-13ea54a74951	2025-12-30 06:11:04.389539	2025-12-30 06:27:48.471875	2190	10
ed1afbfc-6471-44ef-a640-0cde04fbb754	693693a6-b266-41d4-899a-13ea54a74951	2025-12-30 06:38:13.730418	\N	0	1
b205b3fd-a6b4-45d9-af56-0dea0ebcff5c	693693a6-b266-41d4-899a-13ea54a74951	2025-12-30 06:42:19.548273	\N	0	1
be1f6a6c-5b26-4312-82f6-0359e3d9a0c1	693693a6-b266-41d4-899a-13ea54a74951	2025-12-30 09:32:18.854892	\N	0	1
33573202-ee70-4af6-9f71-2b0b600b2816	693693a6-b266-41d4-899a-13ea54a74951	2025-12-30 09:43:17.328096	\N	0	1
dd4b8a67-00b8-413f-a6be-a7427e7d0867	693693a6-b266-41d4-899a-13ea54a74951	2025-12-30 09:50:39.426264	\N	0	1
cc69a615-d468-4b5f-85d9-823a621956f9	693693a6-b266-41d4-899a-13ea54a74951	2025-12-30 09:59:46.942389	2025-12-30 10:24:40.469264	2440	10
92474893-dcea-4c8d-a58d-1c03ff9fffe5	693693a6-b266-41d4-899a-13ea54a74951	2025-12-30 10:28:00.382432	\N	0	1
20a4511b-b518-459c-b29b-3e0cc7e979bf	693693a6-b266-41d4-899a-13ea54a74951	2025-12-30 10:28:28.087019	2025-12-30 10:28:59.008582	0	1
b314d777-46e1-4eca-85f9-7f1bc560321f	693693a6-b266-41d4-899a-13ea54a74951	2025-12-30 10:32:36.345474	2025-12-30 10:32:38.520961	0	1
21ab4593-c371-499c-b20b-cf88d12395d2	693693a6-b266-41d4-899a-13ea54a74951	2025-12-30 10:32:41.171394	2025-12-30 10:32:47.4152	0	1
86b1e646-c533-4d6b-a80f-e7180e31e985	693693a6-b266-41d4-899a-13ea54a74951	2025-12-30 10:33:57.268387	\N	0	1
0b9c9584-df73-4e62-8403-0faf2047c826	693693a6-b266-41d4-899a-13ea54a74951	2025-12-30 10:34:46.980548	2025-12-30 10:36:22.48963	70	3
49d832e8-c32b-461d-9053-619700ed1199	693693a6-b266-41d4-899a-13ea54a74951	2025-12-30 10:38:50.462827	2025-12-30 10:40:49.386717	0	1
58d87aa7-2b78-470a-bc8f-f3950b38e27f	693693a6-b266-41d4-899a-13ea54a74951	2025-12-30 10:40:59.002595	2025-12-30 10:41:37.090125	0	1
873664eb-2e8d-4d03-8b98-3ecb041bdc82	693693a6-b266-41d4-899a-13ea54a74951	2025-12-30 10:41:49.971566	2025-12-30 10:42:18.75563	60	2
58160aa9-52d0-4620-b921-fbfed3fed13f	693693a6-b266-41d4-899a-13ea54a74951	2025-12-30 10:48:02.342055	2025-12-30 10:48:17.155717	0	1
22bb2ed3-d6a3-416a-9ca4-2677e8f1c08d	693693a6-b266-41d4-899a-13ea54a74951	2025-12-30 10:54:31.071716	2025-12-30 10:54:34.00476	0	1
ba95349f-500f-4fe6-8043-2807a659d6d7	693693a6-b266-41d4-899a-13ea54a74951	2025-12-30 10:55:29.849917	2025-12-30 10:55:32.731107	0	1
5bb8d476-4c9b-442a-bbfc-4aeebb2f8ec9	693693a6-b266-41d4-899a-13ea54a74951	2025-12-30 10:55:33.673514	2025-12-30 10:56:11.236227	0	2
ea416226-e68b-4aa9-ac4f-51635273ca9d	693693a6-b266-41d4-899a-13ea54a74951	2025-12-30 10:56:12.057965	2025-12-30 10:56:16.730742	0	1
8edb5ebd-1722-45bb-9437-034e36deee18	693693a6-b266-41d4-899a-13ea54a74951	2025-12-30 10:56:22.102317	2025-12-30 10:56:23.694456	0	1
eb10dc6b-9011-44d2-8e4a-3998d9b11fe6	693693a6-b266-41d4-899a-13ea54a74951	2025-12-30 10:58:24.034335	2025-12-30 10:58:26.301207	0	1
c4fd8ede-bc35-40e6-8c5c-af452805f1eb	693693a6-b266-41d4-899a-13ea54a74951	2025-12-30 11:01:13.64906	2025-12-30 11:01:21.214213	0	1
88b62fa0-374c-48e9-b875-4bcfca0e4a85	693693a6-b266-41d4-899a-13ea54a74951	2025-12-30 11:02:04.084962	\N	0	1
8db9156c-3c17-48f6-b37d-4ba60d330df9	693693a6-b266-41d4-899a-13ea54a74951	2025-12-30 11:06:00.136186	2025-12-30 11:06:03.037941	0	1
ab12301f-a5bb-4198-a40f-957b0e5c1496	693693a6-b266-41d4-899a-13ea54a74951	2025-12-30 11:10:43.359106	2025-12-30 11:10:49.197626	0	1
fd5a4c0a-2d7a-4784-b8c1-abac7600a9ad	693693a6-b266-41d4-899a-13ea54a74951	2025-12-30 11:14:53.753306	2025-12-30 11:15:11.221408	40	1
cc66c8c7-5ef5-4e97-9ad4-d4fc4bd54b5f	693693a6-b266-41d4-899a-13ea54a74951	2025-12-30 11:15:12.299135	2025-12-30 11:15:20.115062	0	1
e36c5548-b542-4d66-bd79-fdde043f4821	693693a6-b266-41d4-899a-13ea54a74951	2025-12-30 11:15:20.834194	2025-12-30 11:15:23.095135	0	1
2107383f-9dff-4155-aa58-e5c953ef4a2d	693693a6-b266-41d4-899a-13ea54a74951	2025-12-30 11:15:23.715294	2025-12-30 11:15:29.805076	0	1
a5216d27-6742-4102-8de8-9772661d4fba	693693a6-b266-41d4-899a-13ea54a74951	2025-12-30 11:15:37.085503	2025-12-30 11:15:46.497273	0	1
9dded53f-e274-42c9-a4ed-4c04c4445613	693693a6-b266-41d4-899a-13ea54a74951	2025-12-30 11:15:48.824004	\N	0	1
b39e2727-e915-4702-9a2b-a28430bb4f01	693693a6-b266-41d4-899a-13ea54a74951	2025-12-30 12:10:59.294045	\N	0	1
105cf917-fb2b-4b37-801f-557c03dec641	693693a6-b266-41d4-899a-13ea54a74951	2025-12-30 11:15:53.193146	2025-12-30 11:20:36.075462	250	5
d44ad639-a649-4f16-973e-5e648a94fd17	693693a6-b266-41d4-899a-13ea54a74951	2025-12-30 11:21:14.958137	\N	0	1
4c2521d1-ee2b-4c28-afdc-0472a4fe03e3	693693a6-b266-41d4-899a-13ea54a74951	2025-12-30 11:21:26.99107	2025-12-30 11:21:29.921328	0	1
c5aeecc0-079e-44f9-8830-cc61da31228c	693693a6-b266-41d4-899a-13ea54a74951	2025-12-30 11:21:31.091065	2025-12-30 11:21:33.617562	0	1
30f93a0a-bb3b-407d-a259-4523e960e536	693693a6-b266-41d4-899a-13ea54a74951	2025-12-30 11:21:34.453143	2025-12-30 11:24:20.689577	770	6
84d67fd7-6bdc-4be8-ab54-7366a1b1781d	693693a6-b266-41d4-899a-13ea54a74951	2025-12-30 11:24:22.439447	2025-12-30 11:25:17.095617	0	1
883020dd-43c8-43e0-b6b3-83ba97d6a956	693693a6-b266-41d4-899a-13ea54a74951	2025-12-30 11:25:18.622013	2025-12-30 11:25:21.327662	0	1
fea9a3bd-622e-4b70-a80b-b798aeadb19d	693693a6-b266-41d4-899a-13ea54a74951	2025-12-30 11:25:22.499108	2025-12-30 11:25:24.971569	0	1
fe502e37-5665-41e8-8568-b068aee08518	693693a6-b266-41d4-899a-13ea54a74951	2025-12-30 11:25:25.768804	2025-12-30 11:25:27.95555	0	1
77b29220-265c-4db5-9e27-a7d8ee6b646e	693693a6-b266-41d4-899a-13ea54a74951	2025-12-30 11:25:29.63925	\N	0	1
966a593b-091c-403b-b67a-ef0de01acaa0	693693a6-b266-41d4-899a-13ea54a74951	2025-12-30 12:16:36.940377	\N	0	1
3072745b-98ec-4f7f-80ca-0c863adcfd68	693693a6-b266-41d4-899a-13ea54a74951	2025-12-30 11:25:35.099151	2025-12-30 11:27:52.134958	0	3
ed4c61df-f047-4b6f-bcd7-c97a6881c122	693693a6-b266-41d4-899a-13ea54a74951	2025-12-30 11:28:06.347829	\N	0	1
038d6264-b5d7-4a66-b5d8-f99cb9f1ab9c	693693a6-b266-41d4-899a-13ea54a74951	2025-12-30 11:28:26.453364	2025-12-30 11:28:30.897229	0	1
591a24d0-22ab-47ea-97c7-a0a8125b60a6	693693a6-b266-41d4-899a-13ea54a74951	2025-12-30 11:28:37.284562	2025-12-30 11:28:42.042222	0	1
01131108-9100-4a2a-974d-e6ba9d08cb79	693693a6-b266-41d4-899a-13ea54a74951	2025-12-30 11:28:43.816517	2025-12-30 11:28:47.327788	0	1
6e439577-b402-4650-b330-8901ec29af25	693693a6-b266-41d4-899a-13ea54a74951	2025-12-30 11:28:48.455266	2025-12-30 11:30:01.120643	0	3
260010be-e643-42bc-a258-867bee2d8330	693693a6-b266-41d4-899a-13ea54a74951	2025-12-30 11:30:13.370013	2025-12-30 11:30:17.627836	0	1
98a99a6f-8184-46e0-af90-3e0bc8d313b1	693693a6-b266-41d4-899a-13ea54a74951	2025-12-30 11:30:19.498957	2025-12-30 11:31:02.146445	0	1
93ea4ff1-1d07-4462-9bb8-0aa8aa871faf	693693a6-b266-41d4-899a-13ea54a74951	2025-12-30 11:31:04.936559	2025-12-30 11:31:07.218188	0	1
bd02acc4-2aef-409a-a7b1-23560711464c	693693a6-b266-41d4-899a-13ea54a74951	2025-12-30 11:39:12.567249	\N	0	1
22fa49fe-4adc-45e5-873a-8b0b13202c20	693693a6-b266-41d4-899a-13ea54a74951	2025-12-30 11:44:01.763128	\N	0	1
c9900f0d-b232-47ea-b71f-c3197159eecd	693693a6-b266-41d4-899a-13ea54a74951	2025-12-30 12:10:06.37277	\N	0	1
b6f70a0d-83d6-430f-82bd-586f5fbf0ed8	693693a6-b266-41d4-899a-13ea54a74951	2025-12-30 12:18:27.1361	\N	0	1
a11e1f92-04b5-4774-be79-f5fae6dc73bf	693693a6-b266-41d4-899a-13ea54a74951	2025-12-30 12:20:53.955936	2025-12-30 12:44:35.601208	0	2
59faed06-8de4-4cfc-9b6e-26c521310247	693693a6-b266-41d4-899a-13ea54a74951	2025-12-30 12:44:42.048454	\N	0	1
7be17397-151d-4aaf-b8e2-f9980f52e32a	693693a6-b266-41d4-899a-13ea54a74951	2025-12-30 13:06:34.679841	\N	0	1
ec7599e5-3128-49e3-979e-f2f1845dbdd5	693693a6-b266-41d4-899a-13ea54a74951	2025-12-30 13:08:26.709053	\N	0	1
2cab3bee-73fd-44e8-8ef1-918723ecdb69	693693a6-b266-41d4-899a-13ea54a74951	2025-12-30 13:08:40.41975	\N	0	1
59701b01-c878-4988-a708-c88149b4b3bd	693693a6-b266-41d4-899a-13ea54a74951	2025-12-30 13:10:06.046487	\N	0	1
fa3ba5d3-22c2-43ab-8c03-ded7ec33cddf	693693a6-b266-41d4-899a-13ea54a74951	2025-12-30 13:11:44.079947	\N	0	1
a8cb9e59-5d06-45ef-ad0b-a2a99533f26e	693693a6-b266-41d4-899a-13ea54a74951	2025-12-30 13:11:54.538957	\N	0	1
d7bb362a-f4d5-437c-9690-c3c17a0b9d6a	693693a6-b266-41d4-899a-13ea54a74951	2025-12-30 13:18:15.365424	\N	0	1
0cf6e02b-4761-4d50-add5-294895a8fd7e	693693a6-b266-41d4-899a-13ea54a74951	2025-12-30 13:19:27.833033	\N	0	1
62e3da95-5678-4df0-b5ec-d7642e6729b1	693693a6-b266-41d4-899a-13ea54a74951	2025-12-30 13:19:46.652143	\N	0	1
e8db816d-8bab-43de-8116-d944e3d98f24	693693a6-b266-41d4-899a-13ea54a74951	2025-12-30 13:34:41.781409	\N	0	1
bf1d2127-730e-4c2d-8525-b75542333d15	693693a6-b266-41d4-899a-13ea54a74951	2025-12-30 13:36:15.609243	\N	0	1
4e202613-5fd4-4901-9c04-1f8191be1cb9	693693a6-b266-41d4-899a-13ea54a74951	2025-12-30 13:37:11.990023	\N	0	1
8edfc3f3-32ef-43cf-9f3a-a9ab817c6c76	693693a6-b266-41d4-899a-13ea54a74951	2025-12-30 13:37:33.299864	\N	0	1
34ec9452-1477-4ba7-acc5-83d23dc7fbd5	693693a6-b266-41d4-899a-13ea54a74951	2025-12-30 13:37:46.996043	\N	0	1
184c2831-3c70-4ed8-917d-4ea0b4b99591	693693a6-b266-41d4-899a-13ea54a74951	2025-12-30 13:38:25.367513	\N	0	1
d5bcde7e-fe40-46fc-872c-ec1748b249da	693693a6-b266-41d4-899a-13ea54a74951	2025-12-30 13:38:36.081749	\N	0	1
bf8e7597-0abb-4833-b226-366c77c69227	693693a6-b266-41d4-899a-13ea54a74951	2025-12-30 13:38:50.287556	\N	0	1
a61a2fbd-e5d6-432e-acab-d7f852126a5a	693693a6-b266-41d4-899a-13ea54a74951	2025-12-30 13:39:13.247924	\N	0	1
46b8d6c0-8c51-4c91-afbe-69cfb164e37d	693693a6-b266-41d4-899a-13ea54a74951	2025-12-30 13:39:20.149805	\N	0	1
d994e8d9-2366-4e14-979e-d004f37c1982	693693a6-b266-41d4-899a-13ea54a74951	2025-12-30 13:39:28.738097	\N	0	1
ea1f69a0-1dd2-40cf-8c57-97cdf3e86eec	693693a6-b266-41d4-899a-13ea54a74951	2025-12-30 13:39:38.182423	\N	0	1
46466ab0-fdf3-42d5-8975-56f0dc1318a7	693693a6-b266-41d4-899a-13ea54a74951	2025-12-30 13:39:47.898109	\N	0	1
66c3249d-68cf-40b7-9fe1-a07f5fb08b07	693693a6-b266-41d4-899a-13ea54a74951	2025-12-30 13:39:57.007416	\N	0	1
fa2e0675-7beb-447c-a20f-194d148fc4d6	693693a6-b266-41d4-899a-13ea54a74951	2025-12-30 13:46:25.202884	\N	0	1
362c31d2-1c35-4a65-a545-e5711d958e34	693693a6-b266-41d4-899a-13ea54a74951	2025-12-30 13:46:59.271016	\N	0	1
e973acc8-ee57-424b-93c9-7a44ba422511	693693a6-b266-41d4-899a-13ea54a74951	2025-12-30 13:47:09.085657	\N	0	1
f869a36d-73aa-4336-935d-f5e262183eff	693693a6-b266-41d4-899a-13ea54a74951	2025-12-30 13:47:25.545459	\N	0	1
590aced7-7fd8-4a1f-9e7d-41196664a7af	693693a6-b266-41d4-899a-13ea54a74951	2025-12-30 13:47:36.004557	\N	0	1
b299a845-0bbf-452d-9abb-931b8e71520e	693693a6-b266-41d4-899a-13ea54a74951	2025-12-30 13:47:41.616199	\N	0	1
074fe0a5-f804-4791-9c38-581c25d75f69	693693a6-b266-41d4-899a-13ea54a74951	2025-12-30 13:48:25.006254	\N	0	1
4c7918ea-2021-47e4-889d-d17542c9f378	693693a6-b266-41d4-899a-13ea54a74951	2025-12-30 13:48:40.923173	\N	0	1
54bdde3d-a4b6-4c94-a137-6ee65645ca52	693693a6-b266-41d4-899a-13ea54a74951	2025-12-30 13:48:53.248484	\N	0	1
7d5f27b8-5fca-43b0-aeaf-148b782b04e0	693693a6-b266-41d4-899a-13ea54a74951	2025-12-30 13:49:17.545301	\N	0	1
f4c2b203-30c9-4574-a212-d95f699c214b	693693a6-b266-41d4-899a-13ea54a74951	2025-12-30 13:49:33.556064	\N	0	1
af84ff29-0feb-4caa-bd69-b19780df1ca6	693693a6-b266-41d4-899a-13ea54a74951	2025-12-30 13:50:15.987943	\N	0	1
040fb4f4-cedc-4671-9e22-a1730813035c	693693a6-b266-41d4-899a-13ea54a74951	2025-12-30 13:50:44.233606	\N	0	1
41f6e235-1519-4043-ad23-f95d626e82d1	693693a6-b266-41d4-899a-13ea54a74951	2025-12-30 13:50:55.265856	\N	0	1
f8dc595b-914b-4b6e-9967-2f66f3946a75	693693a6-b266-41d4-899a-13ea54a74951	2025-12-30 13:51:03.650561	\N	0	1
e08641bd-d482-47c2-8482-dacf949f97e0	693693a6-b266-41d4-899a-13ea54a74951	2025-12-30 13:51:12.001111	\N	0	1
4d7dffce-9d89-4389-b0b5-68653e998fbd	693693a6-b266-41d4-899a-13ea54a74951	2025-12-30 13:52:19.603944	\N	0	1
e14e1db0-7d94-4c9d-9005-70f8d9fd6699	693693a6-b266-41d4-899a-13ea54a74951	2025-12-30 13:56:22.688731	\N	0	1
41c586bf-8387-454a-b4a4-b74394f37e40	693693a6-b266-41d4-899a-13ea54a74951	2025-12-30 13:57:43.739343	2025-12-30 13:59:00.281394	0	1
72041165-5da7-4a17-aa6d-1ccdb94719bf	693693a6-b266-41d4-899a-13ea54a74951	2025-12-30 13:59:05.061159	\N	0	1
94421ad7-8848-4d82-b502-42a2433969e9	693693a6-b266-41d4-899a-13ea54a74951	2025-12-30 13:59:37.38538	2025-12-30 14:04:28.336601	0	1
e57e18f1-a67b-4cf3-b737-9a999fa6ab93	693693a6-b266-41d4-899a-13ea54a74951	2025-12-30 14:09:43.513939	\N	0	1
\.


--
-- TOC entry 5147 (class 0 OID 17724)
-- Dependencies: 222
-- Data for Name: leaderboard; Type: TABLE DATA; Schema: public; Owner: postgres
--

COPY public.leaderboard (leaderboard_id, player_id, rank, score, achieved_at, level, updated_at) FROM stdin;
47c25fc0-95c2-43bd-93d8-9d0b2cf6a9b0	693693a6-b266-41d4-899a-13ea54a74951	1	2440	2025-12-28 16:32:56.36014	10	2025-12-30 14:04:28.347098
\.


--
-- TOC entry 5144 (class 0 OID 17661)
-- Dependencies: 219
-- Data for Name: players; Type: TABLE DATA; Schema: public; Owner: postgres
--

COPY public.players (player_id, username, high_score, games_played, total_playtime_seconds, registered_at, highest_level) FROM stdin;
693693a6-b266-41d4-899a-13ea54a74951	Carlito	2440	172	0	2025-12-26 14:39:28.506429	10
\.


--
-- TOC entry 5159 (class 0 OID 17836)
-- Dependencies: 234
-- Data for Name: session_stats; Type: TABLE DATA; Schema: public; Owner: postgres
--

COPY public.session_stats (stat_id, session_id, towers_built, towers_upgraded, enemies_killed, gold_earned) FROM stdin;
802c1ebd-a33c-447e-94a8-3dcede228be2	0e2e7866-d207-44bd-8c96-9a3e84e98c88	0	0	0	385
e3035f24-c6bc-478b-9c17-1c6320962699	8ca1be6f-861d-42a9-8da1-7ffff76b1f7b	0	0	0	35
400c385c-cc36-4c50-b45f-fc6a86759368	e1cb7da1-160e-4f13-bd66-af877563d605	0	0	0	0
ecde5ee5-a376-40b0-99bd-6b781062e71a	71c72f72-1330-42e8-9d08-416db6c0d81c	0	0	0	500
86d5393a-3b30-4a95-afa3-ab5dbd27e657	133e460b-fcc7-4797-bf39-34149a0a833a	0	0	0	500
8fde27c5-c1fc-4e30-acab-68607d030548	673dd8fc-1a0f-4e3b-b902-f30d5a19e75a	0	0	0	0
6964f097-c011-4422-b764-1ed29b9c5161	a1e5cc8d-0849-4e9b-8116-94e4d265c1cc	0	0	0	25
8bc0c66d-3884-4902-99bc-2de9c1a89bdc	37ada425-a23e-4fe3-ab14-5e157717dbb3	0	0	0	0
2f6e03fe-c167-4ac1-b95e-1db0d30d35ce	7bffb21b-a061-4c8c-8db4-a03b974e7709	0	0	0	0
9b8d9056-c114-4981-8853-c1eb6a61eb3e	5b902556-6c6b-488f-978d-fb08e73e224e	0	0	0	0
514237cf-305c-4b41-8f8a-da9d08ff127f	4f0e75b0-a210-4f69-a61c-adea5f2b620c	0	0	0	0
d21b19c3-96c7-4d97-939c-fa9a80c3af9d	e4013f6c-29c5-40fd-b9bb-c63ee8fd9743	0	0	0	0
9d377fc6-c4a9-41a9-84dc-a19b097ae925	e1bc280b-4762-4c1b-b7c9-34a58f149d11	0	0	0	0
00a130ec-8798-49ec-827f-8d5b84e7ca2e	f54b920e-119e-4a35-a54a-053fee2689da	0	0	0	500
03cb481f-befc-42e6-aa10-8f851f48e40a	82a51e7b-8ec8-4645-ac61-0aea002dd6d1	0	0	0	0
fde45a54-5960-4222-b91f-0159b45e4dec	5cc808c4-0194-4ccf-a67b-4f8c0eb664c8	0	0	0	0
b828d744-599e-4540-b0f5-b910e791d035	bf1f06dd-5bc5-4b36-bfa9-8e6f13406f5d	0	0	0	0
92c90192-865d-4580-90e7-65395623e6e5	08e50bf9-a35c-4631-9bbc-11fa6916bce9	0	0	0	0
343dcac9-26e7-4c04-bc29-65b76f777127	71521856-683e-437f-81fc-f48ebf78834c	0	0	0	0
3ddc1529-8b2c-42f1-b94e-bd417db46de2	abed0778-6f72-47e5-940b-95e691aa3462	0	0	0	0
ae9d2bfd-36b9-4cf2-8d8d-a4cd8030cea2	e2c6810a-7f6d-4cbc-9918-708cea787bf4	0	0	0	0
31e8c51e-3aa1-43c1-b20c-37f1ee4fcea0	11278255-f74f-43bb-8e1b-05c238f14a60	0	0	0	0
fcd5c802-0c0f-4a64-a321-26675b19eb8d	aa677359-fd33-4dbf-87a1-f2355090e9d9	0	0	0	0
0362c03c-2d67-4d69-bb50-8fb26efbc66f	781c379b-029c-4471-9832-2214186d17e7	0	0	0	0
242f2f71-52e9-4dc7-b71e-c4a1ebbe30c9	359a3427-139d-4ee8-8691-9cd94a424b4e	0	0	0	0
5994596a-c1c6-45fb-aede-c1ffe37f01c5	3da13986-9cee-4fbc-a5cf-5607e0d6f817	0	0	0	500
5e787a0a-040d-42e6-99dd-19632bc78cfb	9417cd82-a217-41cd-9ab4-afe02f3868ee	0	0	0	0
9318c006-8a20-4435-92ab-dd107ca7e4ae	feb4aac3-baa5-4914-ab40-133aaee5f431	0	0	0	0
4a1c455c-3ab9-4ce3-98d4-52f800c49bd7	83a3fe4a-b464-4f98-9904-47436b94b93b	0	0	0	0
dfac72d8-4898-42d5-a520-fdc90edb3205	339f9498-858a-42dc-a0a4-2b4227783f01	0	0	0	0
8945d323-9068-4ff3-9884-391989a9c661	9d9ca62f-2da2-4995-ba25-955fddab4be0	0	0	0	0
69e21b76-8687-4fca-93ac-da1e33dfa282	d3c23782-0540-4860-8790-30f3ee62f806	0	0	0	0
363cc9ee-674c-4bf3-ab7f-b93ba345c1fe	38d1df7a-dd5e-4516-b2a7-189e2ef0a0bf	0	0	0	0
26a05277-67a0-4304-8891-dcb3ba58597d	b4ded5fb-0208-400e-921a-a74a6aabaa71	0	0	0	0
0fcac87c-9274-4b40-bc11-8b72aec3969f	7681efc5-36c6-4c62-8625-11643152adf4	0	0	0	0
5b718be8-dae2-44fa-b501-49848c489048	411b335a-62a5-46d1-a0d5-430da88d4e01	0	0	0	0
3393fbae-c15e-44bc-9ff1-f29ed685e470	5e8c05c9-61a4-4780-b54e-d108e9046db8	0	0	0	0
a47095d5-b2c0-45fb-b67a-ca85d9f60874	3f4eebd8-947a-4bcd-a53f-1c71037e6b7d	0	0	0	0
8100ef02-4087-4a1b-8526-edadd8b89726	2e073de8-7039-49a0-afd5-ee72105c431a	0	0	0	0
c2aa3e01-54c9-4d4d-9d51-dae56312ff89	1ff4b503-2a2e-4474-9d75-ee9b954f4536	0	0	0	0
c0aca646-3ee4-4474-882d-7780ee8d2372	b135ecf3-226b-403e-849f-ed3dbb7bcca8	0	0	0	0
f1885695-eec2-4f16-9dff-7a1d79bafb0e	af024c6f-e1d2-4e57-951e-5bcb39ddb26a	0	0	0	0
842cb596-1135-410e-b749-b409b533740e	5ff27f62-a478-4101-b709-77487f1ed44e	0	0	0	0
3d6b0300-2b43-4d05-8a1f-893f0aea56c2	2fcd8ef8-00d4-4364-b32f-c31cd88a9cac	0	0	0	0
8937ac75-cc2f-4bac-bdcf-ee2fc9ffacd2	f2ada7c7-f0ee-4fcc-b666-a055be9e5f0a	0	0	0	0
1e8a1264-5709-4128-92f3-8a954bbec149	c71ab23b-f4ae-4245-aa3f-6bea874b12b0	0	0	0	0
22f103be-53db-4f11-93f5-756f4f7e5645	657ae087-d28d-4614-a794-0bc335acd051	0	0	0	0
b4bc6dae-16c7-44c3-8874-d0bd6dca2228	41b56a56-c3e8-4551-803c-f06b21b2ae49	0	0	0	0
c1832881-07b9-4a47-91e4-eaeef5919cf5	246d8435-986b-40a4-88a7-5269054383ad	0	0	0	0
98ff8dee-b71e-415a-b3f1-60361997424e	722363b3-aa33-4ee6-86d2-01a65e607f4d	0	0	0	0
2b3b9955-7b47-434d-b914-26117a2c6adc	2571993d-dac6-4a35-97ef-8f6abaca4922	0	0	0	0
8f3de3db-23a1-481f-ab9e-c6edfdb9fac1	642d72a2-0fa4-446d-824d-7137af8deb93	0	0	0	35
5f1c7851-0d35-4225-8e27-f05e271ca316	96650f14-7a6e-4895-a1ed-76bd420200cd	0	0	0	0
5465cd2e-c84a-4ff5-9d92-8f2e059313c6	225e5069-984a-43c2-ab0e-dd175d776876	0	0	0	500
5cf6d8aa-dfa4-47b4-b228-66eac1904780	34ad18c0-6f90-419f-9faa-4f437718d3fd	0	0	0	500
e41dbf43-a90c-4de6-90a0-bcbafd31ca49	8d6351e1-63fb-403f-b74f-eca464e6c9a1	0	0	0	0
80d8ff53-0cc1-4d60-9971-da651ce6162d	7500a43a-934a-4401-8803-35efea20ac78	0	0	0	45
4c0210f2-aa59-49a3-aa55-2339d4e9320e	57e470d8-3881-4d3f-a48b-13a04167bcd9	0	0	0	0
ecd9e115-16ea-4ef5-a2c1-6c854b33dd06	29285ce8-3748-4e8e-8df4-c2f0286410bf	0	0	0	0
1e087347-e43c-4281-8615-106c99209b5f	605cac4a-2508-4ec8-9597-337cda62519e	0	0	0	0
aca900d8-1504-49a0-bc92-d002fca6fef6	5e284585-2a4b-4699-8d7c-4f7cb7a86d05	0	0	0	500
703d7e4a-333f-4208-8853-bc6fe34bc7f4	47071dfa-6208-4a40-8976-9e9f026951b1	0	0	0	0
58be2b1f-dc7e-459c-9224-30fd69ef2931	b2778925-4a3c-49f2-b105-47bbdf8a7c1a	0	0	0	0
2a1e1d37-57ce-4c82-885a-d058ce1f3552	8383413b-e687-4c76-b18f-3caca2192951	0	0	0	0
f9f0b803-2bd7-4030-ba25-65f4fbae959d	72849f21-30c4-4c7d-95ac-35dceb562463	0	0	0	0
3672e38f-6fbe-445c-b506-36cb787d7854	f347cabd-354f-4cf8-8140-6c6832668d42	0	0	0	0
8ccae7ce-7a8e-4f4a-b90f-3bbf4f29ddea	c0c76998-fce5-4ac3-bfa7-93a69eb64ef6	0	0	0	0
b5c750d8-eef8-49f9-b201-8148f1f7abc5	ffeca0b7-3908-466c-ac23-9d5e57120819	0	0	0	0
cb5b0bf6-efab-4203-ae76-dcc9e7cb0d04	d86d0c32-cc7b-4570-ad1d-23dcbf8d945f	0	0	0	0
83fb92d3-daa9-4dc9-add3-92dead40320f	c7bfdd08-3297-4cee-8b45-dcc940d20416	0	0	0	0
d01a32b4-8ff2-4f74-aa37-a812d8c6bdc1	dc1e906d-51b8-491d-a21b-8902aec1e30b	0	0	0	0
59df8ee0-a8d3-44d4-a4d6-3c782a06fd96	052ad714-a1ce-4eea-9d6e-8947ac0ea920	0	0	0	0
9acea797-3005-404e-8959-eb19294638c5	77d140c8-4d6e-4c8a-94be-dd52637e3cbf	0	0	0	0
7b734dd6-cba2-40bf-9290-6a8838aa7bdc	0346a5cd-25e2-4a30-905b-64df9de8494c	0	0	0	0
17d1cafd-e793-466e-960b-bb92031481d3	7abf9f5c-3298-4585-b427-3b99c60f2843	0	0	0	0
f3dd6027-95b7-42e3-a3f7-14cf4812b46a	727d72bb-528b-44f5-93dc-763df1af3e2c	0	0	0	0
ba3a5e98-8c6b-469a-921b-7d87577ad1b1	fd91b244-1e00-4034-9835-a8b89a83ba77	0	0	0	0
cda01187-d639-4159-9c8d-cc337eba9fc9	2446d832-d87f-4f8f-8056-60f38830439e	0	0	0	0
a0b6f19d-887f-42d4-87b9-82de427abacf	79fe83cf-67c1-40ba-916a-cfd074910712	0	0	0	0
3b5877af-170c-43bd-ba52-3ab76d55ae40	0e4c748b-d169-48d8-8188-c6c09f9a45c0	0	0	0	0
83940a77-fe0e-488c-b926-7d130502e572	8538e43e-e435-4a38-8953-52ec012b933b	0	0	0	0
97d3576e-7168-4edf-9227-6e17d6010318	4f5a4ae2-9d88-4a1f-a9ae-f0279821c8b2	0	0	0	1095
c264a3dd-8d19-4389-b25c-12386a6b8041	ed1afbfc-6471-44ef-a640-0cde04fbb754	0	0	0	0
68ff3d53-16b5-483a-be87-f294d501c89c	b205b3fd-a6b4-45d9-af56-0dea0ebcff5c	0	0	0	0
d513c641-4f74-4c8e-b31e-97f4b17f6eb5	be1f6a6c-5b26-4312-82f6-0359e3d9a0c1	0	0	0	0
f7d6c128-4852-44e6-8830-3b7c440eb3ac	33573202-ee70-4af6-9f71-2b0b600b2816	0	0	0	0
e7a011cd-db75-4676-99e6-74f9a428b18a	dd4b8a67-00b8-413f-a6be-a7427e7d0867	0	0	0	0
91dbcb69-d254-4e3b-a197-2ee3fb88f6e0	cc69a615-d468-4b5f-85d9-823a621956f9	0	0	0	1220
543f502d-1e23-4823-bf17-a2794c334eee	92474893-dcea-4c8d-a58d-1c03ff9fffe5	0	0	0	0
5c44c9e5-3658-423a-9663-d5736c460563	20a4511b-b518-459c-b29b-3e0cc7e979bf	0	0	0	500
f9cbfd5a-e331-4ba5-a1dc-a11f2733ba1b	b314d777-46e1-4eca-85f9-7f1bc560321f	0	0	0	500
d7fc449d-2518-4e65-84a5-55cdd0d65612	21ab4593-c371-499c-b20b-cf88d12395d2	0	0	0	500
a972b1fe-3afd-451d-aed4-75040d3fab6e	86b1e646-c533-4d6b-a80f-e7180e31e985	0	0	0	0
1703cd8a-628c-45db-b984-023574882bb0	0b9c9584-df73-4e62-8403-0faf2047c826	0	0	0	35
6b73a33f-1567-4d39-a9a2-efa8d154a4e1	49d832e8-c32b-461d-9053-619700ed1199	0	0	0	500
9a1ec8cc-7b2b-4c3c-adae-2ffd49457ef0	58d87aa7-2b78-470a-bc8f-f3950b38e27f	0	0	0	500
af40517d-b743-4f7f-955c-1e6eaf28076c	873664eb-2e8d-4d03-8b98-3ecb041bdc82	0	0	0	30
750dcd6b-b627-424f-981f-4b72d18a01b8	58160aa9-52d0-4620-b921-fbfed3fed13f	0	0	0	500
2d72e728-a771-46bb-bb7d-1a6fadea6593	22bb2ed3-d6a3-416a-9ca4-2677e8f1c08d	0	0	0	500
0b784621-e900-4d2b-a698-505efab14249	ba95349f-500f-4fe6-8043-2807a659d6d7	0	0	0	500
0c356367-3855-44f6-b916-d49f36962a4f	5bb8d476-4c9b-442a-bbfc-4aeebb2f8ec9	0	0	0	500
afa3fe90-721c-470e-b6c8-b9f9d48de20c	ea416226-e68b-4aa9-ac4f-51635273ca9d	0	0	0	500
c1d77198-c344-4a02-b32a-1c7ca5582253	8edb5ebd-1722-45bb-9437-034e36deee18	0	0	0	500
10127eef-3b6c-4358-86de-6c7c004f4f5a	eb10dc6b-9011-44d2-8e4a-3998d9b11fe6	0	0	0	500
8ca0a95a-a45a-4a2a-831f-dd764c59a0b2	c4fd8ede-bc35-40e6-8c5c-af452805f1eb	0	0	0	500
8e28ad9e-1311-4c62-a800-da98cb397a23	88b62fa0-374c-48e9-b875-4bcfca0e4a85	0	0	0	0
2065ac01-8c68-4797-9550-2c920149ab86	8db9156c-3c17-48f6-b37d-4ba60d330df9	0	0	0	500
31c62c61-410c-4e2e-ab68-e4a34fdf2eec	ab12301f-a5bb-4198-a40f-957b0e5c1496	0	0	0	500
abd3936a-fa90-422b-aa4b-28bad1ee1fcd	fd5a4c0a-2d7a-4784-b8c1-abac7600a9ad	0	0	0	20
fc04db65-e440-492f-a4ec-397ca5c9f64a	cc66c8c7-5ef5-4e97-9ad4-d4fc4bd54b5f	0	0	0	500
f7361df2-3ae2-4b1b-948b-0e37b0f5e81a	e36c5548-b542-4d66-bd79-fdde043f4821	0	0	0	500
8716d72e-db36-44d1-bb1f-0ee23ac43916	2107383f-9dff-4155-aa58-e5c953ef4a2d	0	0	0	500
37ef1fa5-c3d8-4413-a59e-03d07e93fcb6	a5216d27-6742-4102-8de8-9772661d4fba	0	0	0	500
f19fb97c-a017-486a-9193-0adf1a238f05	9dded53f-e274-42c9-a4ed-4c04c4445613	0	0	0	0
1a44e4d5-b567-4c9e-9775-97164290ecc7	41c586bf-8387-454a-b4a4-b74394f37e40	0	0	0	500
04f85918-4be2-4c92-a9a0-d603e11c3d1a	105cf917-fb2b-4b37-801f-557c03dec641	0	0	0	525
535095a1-8d0b-4ed8-98e5-218585c8a749	d44ad639-a649-4f16-973e-5e648a94fd17	0	0	0	0
4e105432-7767-4f2d-9edc-d28bd248a0c0	4c2521d1-ee2b-4c28-afdc-0472a4fe03e3	0	0	0	500
076899f3-9879-46c1-911a-f023a72889b9	c5aeecc0-079e-44f9-8830-cc61da31228c	0	0	0	500
41ac82af-b3d9-4288-8fb0-e98bdc8cfbe5	30f93a0a-bb3b-407d-a259-4523e960e536	0	0	0	385
164da57f-6ff5-4d90-ba86-dca35ed56ab4	84d67fd7-6bdc-4be8-ab54-7366a1b1781d	0	0	0	500
dfabfd42-7d5f-42f5-b264-bbd998bc0ffd	883020dd-43c8-43e0-b6b3-83ba97d6a956	0	0	0	500
b9eff1c2-3562-4324-8e36-04a1b9c3b1bc	fea9a3bd-622e-4b70-a80b-b798aeadb19d	0	0	0	500
cb05d009-a701-460d-a98c-77141feaa79d	fe502e37-5665-41e8-8568-b068aee08518	0	0	0	500
416ca8c8-b175-472a-9237-9ba5525fa6e3	77b29220-265c-4db5-9e27-a7d8ee6b646e	0	0	0	0
21bfcf02-3d3a-4471-a220-26273f1d1b0b	72041165-5da7-4a17-aa6d-1ccdb94719bf	0	0	0	0
71688e1e-89a2-4f3e-af20-a7f3fb8f4227	3072745b-98ec-4f7f-80ca-0c863adcfd68	0	0	0	450
5ee26c4b-6ae9-4f6b-b0d0-34c90a31cb53	ed4c61df-f047-4b6f-bcd7-c97a6881c122	0	0	0	0
51c363a1-385d-46af-8ca5-5fca3866f466	038d6264-b5d7-4a66-b5d8-f99cb9f1ab9c	0	0	0	500
6efe89e6-540b-4f2b-8e44-f9ff69648c30	591a24d0-22ab-47ea-97c7-a0a8125b60a6	0	0	0	500
cd5f8050-6615-4137-b780-87368d20ea9f	01131108-9100-4a2a-974d-e6ba9d08cb79	0	0	0	500
f4b1e192-6cb6-45b0-b0af-164cfffcff60	6e439577-b402-4650-b330-8901ec29af25	0	0	0	500
3f589f0f-5507-4711-b2b5-46b8e7a55f1a	260010be-e643-42bc-a258-867bee2d8330	0	0	0	500
e6f7b56f-8dd7-4d62-b491-a835991073ea	98a99a6f-8184-46e0-af90-3e0bc8d313b1	0	0	0	500
cf4af8b0-e1d7-45fe-9b0f-830a5503890e	93ea4ff1-1d07-4462-9bb8-0aa8aa871faf	0	0	0	500
cbfc3413-dd2b-4061-b7a7-f1aad7f3558f	bd02acc4-2aef-409a-a7b1-23560711464c	0	0	0	0
3a83207d-3d51-4403-8344-39b9187b0b72	22fa49fe-4adc-45e5-873a-8b0b13202c20	0	0	0	0
000412bb-e881-4f9c-8020-5e571d4c6be3	c9900f0d-b232-47ea-b71f-c3197159eecd	0	0	0	0
86e7d2d2-d69e-4e52-bff2-e47ed87ad4f0	b39e2727-e915-4702-9a2b-a28430bb4f01	0	0	0	0
00a66f2b-9702-4762-a7b0-2f03d094c5d4	966a593b-091c-403b-b67a-ef0de01acaa0	0	0	0	0
a0963d18-f9dd-4451-bbf2-f293594a4099	b6f70a0d-83d6-430f-82bd-586f5fbf0ed8	0	0	0	0
f4237f3a-84f1-4079-9f70-0072e6a52f1d	a11e1f92-04b5-4774-be79-f5fae6dc73bf	0	0	0	500
815d07ca-c5f3-441a-948b-1329354f30a6	59faed06-8de4-4cfc-9b6e-26c521310247	0	0	0	0
9d9c6142-9f2c-4710-a57c-6fd4016de656	7be17397-151d-4aaf-b8e2-f9980f52e32a	0	0	0	0
072245fe-c16f-4fb8-b854-28782f7a056d	ec7599e5-3128-49e3-979e-f2f1845dbdd5	0	0	0	0
99ebaff4-6b26-439c-b425-97d37ae47081	2cab3bee-73fd-44e8-8ef1-918723ecdb69	0	0	0	0
0ea3bb49-2c31-4216-b8e8-69a35b942168	59701b01-c878-4988-a708-c88149b4b3bd	0	0	0	0
26e38d3d-57c6-4849-b7d7-e9629ba4e0ff	fa3ba5d3-22c2-43ab-8c03-ded7ec33cddf	0	0	0	0
9020ed45-80e2-42af-b72d-88c67ef16669	a8cb9e59-5d06-45ef-ad0b-a2a99533f26e	0	0	0	0
cd75f9cc-47b8-4be4-a137-d27f0dcab088	d7bb362a-f4d5-437c-9690-c3c17a0b9d6a	0	0	0	0
82082e94-08a6-4cc5-b1c2-3297b96c2a81	0cf6e02b-4761-4d50-add5-294895a8fd7e	0	0	0	0
5975506c-171a-48c1-8df2-ff28c4f6435d	62e3da95-5678-4df0-b5ec-d7642e6729b1	0	0	0	0
40e50906-4e78-4b0e-9534-be6a95d210a4	e8db816d-8bab-43de-8116-d944e3d98f24	0	0	0	0
009c92c5-400f-4a47-9869-4f51ea60580c	bf1d2127-730e-4c2d-8525-b75542333d15	0	0	0	0
1c9e2a82-2d78-47d3-a1a5-376c03c0d434	4e202613-5fd4-4901-9c04-1f8191be1cb9	0	0	0	0
d5887b08-9911-488a-97f8-28f9b6f92517	8edfc3f3-32ef-43cf-9f3a-a9ab817c6c76	0	0	0	0
d23ebc48-3437-47c8-8a6e-9f9cde4918a9	34ec9452-1477-4ba7-acc5-83d23dc7fbd5	0	0	0	0
48206b34-9ff8-4f97-95c4-5d0e94539a95	184c2831-3c70-4ed8-917d-4ea0b4b99591	0	0	0	0
adc26c0b-21c6-4972-b2ba-784e772930f8	d5bcde7e-fe40-46fc-872c-ec1748b249da	0	0	0	0
14b139eb-7a6d-4d5c-b1a6-97a1cf863304	bf8e7597-0abb-4833-b226-366c77c69227	0	0	0	0
5368317f-baaa-4aab-be77-026b812c8142	a61a2fbd-e5d6-432e-acab-d7f852126a5a	0	0	0	0
9c765a27-6524-4c82-9be8-afb676bfc1a6	46b8d6c0-8c51-4c91-afbe-69cfb164e37d	0	0	0	0
bc0454c7-af72-49c1-9eff-0fcf27354112	d994e8d9-2366-4e14-979e-d004f37c1982	0	0	0	0
9fc0eae7-9684-4b19-954a-5cd6eb06da69	ea1f69a0-1dd2-40cf-8c57-97cdf3e86eec	0	0	0	0
753ff3bc-5205-4c44-abea-8899e51fd511	46466ab0-fdf3-42d5-8975-56f0dc1318a7	0	0	0	0
ee1742cf-19ff-4f98-8509-466a3c8e2701	66c3249d-68cf-40b7-9fe1-a07f5fb08b07	0	0	0	0
e9718d64-2640-40b0-8eb8-75ce165891d2	fa2e0675-7beb-447c-a20f-194d148fc4d6	0	0	0	0
29021bbb-cb14-4800-a57b-51689cbf8f51	362c31d2-1c35-4a65-a545-e5711d958e34	0	0	0	0
4b295d9f-c9bf-401a-acc8-9a37307ddee4	e973acc8-ee57-424b-93c9-7a44ba422511	0	0	0	0
8ca653d4-639b-4860-859b-908925ba4317	f869a36d-73aa-4336-935d-f5e262183eff	0	0	0	0
42cf6601-d9b5-4912-89a1-979d4374229a	590aced7-7fd8-4a1f-9e7d-41196664a7af	0	0	0	0
9b56d411-2d92-485c-8c7a-2a42b3a32a7a	b299a845-0bbf-452d-9abb-931b8e71520e	0	0	0	0
d2a6c495-b250-44b7-b3cf-ae833be32959	074fe0a5-f804-4791-9c38-581c25d75f69	0	0	0	0
de270ecd-6411-483a-9f1c-91be6c24ceea	4c7918ea-2021-47e4-889d-d17542c9f378	0	0	0	0
eb19c77a-4b7c-4bcb-8b59-e83b88085fb4	54bdde3d-a4b6-4c94-a137-6ee65645ca52	0	0	0	0
77a48754-9fdc-4221-9053-8a6216e28af6	7d5f27b8-5fca-43b0-aeaf-148b782b04e0	0	0	0	0
cee79337-04b4-414e-963a-28ed17715041	f4c2b203-30c9-4574-a212-d95f699c214b	0	0	0	0
1db086df-8572-462a-a023-0f81286983d4	af84ff29-0feb-4caa-bd69-b19780df1ca6	0	0	0	0
2aeed91c-9657-4812-b727-e9e251993ac6	040fb4f4-cedc-4671-9e22-a1730813035c	0	0	0	0
6e046628-5ade-4cde-bcac-d60357b3c08e	41f6e235-1519-4043-ad23-f95d626e82d1	0	0	0	0
795bd655-46cf-4bf3-8715-59dbf642b4e1	f8dc595b-914b-4b6e-9967-2f66f3946a75	0	0	0	0
8dc674ef-1f7f-426f-b9c7-7f4ad3df9e7a	e08641bd-d482-47c2-8482-dacf949f97e0	0	0	0	0
77f93b69-b3f4-44ef-a3f3-f6a8f3954cc1	4d7dffce-9d89-4389-b0b5-68653e998fbd	0	0	0	0
b12e68c1-bd86-440b-ba42-079dda45342d	e14e1db0-7d94-4c9d-9005-70f8d9fd6699	0	0	0	0
80e648b1-91df-426e-bc68-5f464dd0f3fe	94421ad7-8848-4d82-b502-42a2433969e9	0	0	0	500
6226318f-a3f2-4be9-8a28-b4f8bf24b8df	e57e18f1-a67b-4cf3-b737-9a999fa6ab93	0	0	0	0
\.


--
-- TOC entry 5152 (class 0 OID 17777)
-- Dependencies: 227
-- Data for Name: tower_upgrades; Type: TABLE DATA; Schema: public; Owner: postgres
--

COPY public.tower_upgrades (upgrade_id, tower_id, upgrade_level, damage_bonus, speed_bonus, range_bonus, cost, image_path) FROM stdin;
1	1	2	6	0.2	10	100	arrow_towerlvl2.png
2	1	3	10	0.4	20	200	arrow_towerlvl3.png
\.


--
-- TOC entry 5150 (class 0 OID 17764)
-- Dependencies: 225
-- Data for Name: towers; Type: TABLE DATA; Schema: public; Owner: postgres
--

COPY public.towers (tower_id, tower_name, base_damage, attack_speed, range, cost, image_path) FROM stdin;
1	Arrow Tower	8	0.8	60	50	img/arrow_towerlvl1.png
\.


--
-- TOC entry 5158 (class 0 OID 17817)
-- Dependencies: 233
-- Data for Name: wave_enemies; Type: TABLE DATA; Schema: public; Owner: postgres
--

COPY public.wave_enemies (wave_enemy_id, wave_id, enemy_id, enemy_count, spawn_interval) FROM stdin;
1	1	1	5	1.5
2	2	1	8	1.4
3	3	1	12	1.3
4	4	1	16	1.2
5	5	1	20	1.1
6	6	1	25	1
7	7	1	30	0.9
8	8	1	36	0.8
9	9	1	42	0.7
10	10	1	50	0.6
\.


--
-- TOC entry 5156 (class 0 OID 17808)
-- Dependencies: 231
-- Data for Name: waves; Type: TABLE DATA; Schema: public; Owner: postgres
--

COPY public.waves (wave_id, wave_number) FROM stdin;
1	1
2	2
3	3
4	4
5	5
6	6
7	7
8	8
9	9
10	10
\.


--
-- TOC entry 5190 (class 0 OID 0)
-- Dependencies: 241
-- Name: auth_group_id_seq; Type: SEQUENCE SET; Schema: public; Owner: postgres
--

SELECT pg_catalog.setval('public.auth_group_id_seq', 1, false);


--
-- TOC entry 5191 (class 0 OID 0)
-- Dependencies: 243
-- Name: auth_group_permissions_id_seq; Type: SEQUENCE SET; Schema: public; Owner: postgres
--

SELECT pg_catalog.setval('public.auth_group_permissions_id_seq', 1, false);


--
-- TOC entry 5192 (class 0 OID 0)
-- Dependencies: 239
-- Name: auth_permission_id_seq; Type: SEQUENCE SET; Schema: public; Owner: postgres
--

SELECT pg_catalog.setval('public.auth_permission_id_seq', 76, true);


--
-- TOC entry 5193 (class 0 OID 0)
-- Dependencies: 247
-- Name: auth_user_groups_id_seq; Type: SEQUENCE SET; Schema: public; Owner: postgres
--

SELECT pg_catalog.setval('public.auth_user_groups_id_seq', 1, false);


--
-- TOC entry 5194 (class 0 OID 0)
-- Dependencies: 245
-- Name: auth_user_id_seq; Type: SEQUENCE SET; Schema: public; Owner: postgres
--

SELECT pg_catalog.setval('public.auth_user_id_seq', 1, true);


--
-- TOC entry 5195 (class 0 OID 0)
-- Dependencies: 249
-- Name: auth_user_user_permissions_id_seq; Type: SEQUENCE SET; Schema: public; Owner: postgres
--

SELECT pg_catalog.setval('public.auth_user_user_permissions_id_seq', 1, false);


--
-- TOC entry 5196 (class 0 OID 0)
-- Dependencies: 251
-- Name: django_admin_log_id_seq; Type: SEQUENCE SET; Schema: public; Owner: postgres
--

SELECT pg_catalog.setval('public.django_admin_log_id_seq', 1, false);


--
-- TOC entry 5197 (class 0 OID 0)
-- Dependencies: 237
-- Name: django_content_type_id_seq; Type: SEQUENCE SET; Schema: public; Owner: postgres
--

SELECT pg_catalog.setval('public.django_content_type_id_seq', 19, true);


--
-- TOC entry 5198 (class 0 OID 0)
-- Dependencies: 235
-- Name: django_migrations_id_seq; Type: SEQUENCE SET; Schema: public; Owner: postgres
--

SELECT pg_catalog.setval('public.django_migrations_id_seq', 21, true);


--
-- TOC entry 5199 (class 0 OID 0)
-- Dependencies: 228
-- Name: enemies_enemy_id_seq; Type: SEQUENCE SET; Schema: public; Owner: postgres
--

SELECT pg_catalog.setval('public.enemies_enemy_id_seq', 1, true);


--
-- TOC entry 5200 (class 0 OID 0)
-- Dependencies: 226
-- Name: tower_upgrades_upgrade_id_seq; Type: SEQUENCE SET; Schema: public; Owner: postgres
--

SELECT pg_catalog.setval('public.tower_upgrades_upgrade_id_seq', 2, true);


--
-- TOC entry 5201 (class 0 OID 0)
-- Dependencies: 224
-- Name: towers_tower_id_seq; Type: SEQUENCE SET; Schema: public; Owner: postgres
--

SELECT pg_catalog.setval('public.towers_tower_id_seq', 1, true);


--
-- TOC entry 5202 (class 0 OID 0)
-- Dependencies: 232
-- Name: wave_enemies_wave_enemy_id_seq; Type: SEQUENCE SET; Schema: public; Owner: postgres
--

SELECT pg_catalog.setval('public.wave_enemies_wave_enemy_id_seq', 10, true);


--
-- TOC entry 5203 (class 0 OID 0)
-- Dependencies: 230
-- Name: waves_wave_id_seq; Type: SEQUENCE SET; Schema: public; Owner: postgres
--

SELECT pg_catalog.setval('public.waves_wave_id_seq', 10, true);


--
-- TOC entry 4910 (class 2606 OID 17756)
-- Name: achievements achievements_pkey; Type: CONSTRAINT; Schema: public; Owner: postgres
--

ALTER TABLE ONLY public.achievements
    ADD CONSTRAINT achievements_pkey PRIMARY KEY (achievement_id);


--
-- TOC entry 4902 (class 2606 OID 17711)
-- Name: ad_clicks ad_clicks_pkey; Type: CONSTRAINT; Schema: public; Owner: postgres
--

ALTER TABLE ONLY public.ad_clicks
    ADD CONSTRAINT ad_clicks_pkey PRIMARY KEY (click_id);


--
-- TOC entry 4937 (class 2606 OID 18031)
-- Name: auth_group auth_group_name_key; Type: CONSTRAINT; Schema: public; Owner: postgres
--

ALTER TABLE ONLY public.auth_group
    ADD CONSTRAINT auth_group_name_key UNIQUE (name);


--
-- TOC entry 4942 (class 2606 OID 17952)
-- Name: auth_group_permissions auth_group_permissions_group_id_permission_id_0cd325b0_uniq; Type: CONSTRAINT; Schema: public; Owner: postgres
--

ALTER TABLE ONLY public.auth_group_permissions
    ADD CONSTRAINT auth_group_permissions_group_id_permission_id_0cd325b0_uniq UNIQUE (group_id, permission_id);


--
-- TOC entry 4945 (class 2606 OID 17904)
-- Name: auth_group_permissions auth_group_permissions_pkey; Type: CONSTRAINT; Schema: public; Owner: postgres
--

ALTER TABLE ONLY public.auth_group_permissions
    ADD CONSTRAINT auth_group_permissions_pkey PRIMARY KEY (id);


--
-- TOC entry 4939 (class 2606 OID 17893)
-- Name: auth_group auth_group_pkey; Type: CONSTRAINT; Schema: public; Owner: postgres
--

ALTER TABLE ONLY public.auth_group
    ADD CONSTRAINT auth_group_pkey PRIMARY KEY (id);


--
-- TOC entry 4932 (class 2606 OID 17943)
-- Name: auth_permission auth_permission_content_type_id_codename_01ab375a_uniq; Type: CONSTRAINT; Schema: public; Owner: postgres
--

ALTER TABLE ONLY public.auth_permission
    ADD CONSTRAINT auth_permission_content_type_id_codename_01ab375a_uniq UNIQUE (content_type_id, codename);


--
-- TOC entry 4934 (class 2606 OID 17885)
-- Name: auth_permission auth_permission_pkey; Type: CONSTRAINT; Schema: public; Owner: postgres
--

ALTER TABLE ONLY public.auth_permission
    ADD CONSTRAINT auth_permission_pkey PRIMARY KEY (id);


--
-- TOC entry 4953 (class 2606 OID 17932)
-- Name: auth_user_groups auth_user_groups_pkey; Type: CONSTRAINT; Schema: public; Owner: postgres
--

ALTER TABLE ONLY public.auth_user_groups
    ADD CONSTRAINT auth_user_groups_pkey PRIMARY KEY (id);


--
-- TOC entry 4956 (class 2606 OID 17967)
-- Name: auth_user_groups auth_user_groups_user_id_group_id_94350c0c_uniq; Type: CONSTRAINT; Schema: public; Owner: postgres
--

ALTER TABLE ONLY public.auth_user_groups
    ADD CONSTRAINT auth_user_groups_user_id_group_id_94350c0c_uniq UNIQUE (user_id, group_id);


--
-- TOC entry 4947 (class 2606 OID 17921)
-- Name: auth_user auth_user_pkey; Type: CONSTRAINT; Schema: public; Owner: postgres
--

ALTER TABLE ONLY public.auth_user
    ADD CONSTRAINT auth_user_pkey PRIMARY KEY (id);


--
-- TOC entry 4959 (class 2606 OID 17941)
-- Name: auth_user_user_permissions auth_user_user_permissions_pkey; Type: CONSTRAINT; Schema: public; Owner: postgres
--

ALTER TABLE ONLY public.auth_user_user_permissions
    ADD CONSTRAINT auth_user_user_permissions_pkey PRIMARY KEY (id);


--
-- TOC entry 4962 (class 2606 OID 17981)
-- Name: auth_user_user_permissions auth_user_user_permissions_user_id_permission_id_14a6b632_uniq; Type: CONSTRAINT; Schema: public; Owner: postgres
--

ALTER TABLE ONLY public.auth_user_user_permissions
    ADD CONSTRAINT auth_user_user_permissions_user_id_permission_id_14a6b632_uniq UNIQUE (user_id, permission_id);


--
-- TOC entry 4950 (class 2606 OID 18024)
-- Name: auth_user auth_user_username_key; Type: CONSTRAINT; Schema: public; Owner: postgres
--

ALTER TABLE ONLY public.auth_user
    ADD CONSTRAINT auth_user_username_key UNIQUE (username);


--
-- TOC entry 4972 (class 2606 OID 18067)
-- Name: buffs buffs_pkey; Type: CONSTRAINT; Schema: public; Owner: postgres
--

ALTER TABLE ONLY public.buffs
    ADD CONSTRAINT buffs_pkey PRIMARY KEY (buff_id);


--
-- TOC entry 4965 (class 2606 OID 18008)
-- Name: django_admin_log django_admin_log_pkey; Type: CONSTRAINT; Schema: public; Owner: postgres
--

ALTER TABLE ONLY public.django_admin_log
    ADD CONSTRAINT django_admin_log_pkey PRIMARY KEY (id);


--
-- TOC entry 4927 (class 2606 OID 17875)
-- Name: django_content_type django_content_type_app_label_model_76bd3d3b_uniq; Type: CONSTRAINT; Schema: public; Owner: postgres
--

ALTER TABLE ONLY public.django_content_type
    ADD CONSTRAINT django_content_type_app_label_model_76bd3d3b_uniq UNIQUE (app_label, model);


--
-- TOC entry 4929 (class 2606 OID 17873)
-- Name: django_content_type django_content_type_pkey; Type: CONSTRAINT; Schema: public; Owner: postgres
--

ALTER TABLE ONLY public.django_content_type
    ADD CONSTRAINT django_content_type_pkey PRIMARY KEY (id);


--
-- TOC entry 4925 (class 2606 OID 17863)
-- Name: django_migrations django_migrations_pkey; Type: CONSTRAINT; Schema: public; Owner: postgres
--

ALTER TABLE ONLY public.django_migrations
    ADD CONSTRAINT django_migrations_pkey PRIMARY KEY (id);


--
-- TOC entry 4969 (class 2606 OID 18044)
-- Name: django_session django_session_pkey; Type: CONSTRAINT; Schema: public; Owner: postgres
--

ALTER TABLE ONLY public.django_session
    ADD CONSTRAINT django_session_pkey PRIMARY KEY (session_key);


--
-- TOC entry 4917 (class 2606 OID 17806)
-- Name: enemies enemies_pkey; Type: CONSTRAINT; Schema: public; Owner: postgres
--

ALTER TABLE ONLY public.enemies
    ADD CONSTRAINT enemies_pkey PRIMARY KEY (enemy_id);


--
-- TOC entry 4898 (class 2606 OID 17691)
-- Name: game_sessions game_sessions_pkey; Type: CONSTRAINT; Schema: public; Owner: postgres
--

ALTER TABLE ONLY public.game_sessions
    ADD CONSTRAINT game_sessions_pkey PRIMARY KEY (session_id);


--
-- TOC entry 4908 (class 2606 OID 17736)
-- Name: leaderboard leaderboard_pkey; Type: CONSTRAINT; Schema: public; Owner: postgres
--

ALTER TABLE ONLY public.leaderboard
    ADD CONSTRAINT leaderboard_pkey PRIMARY KEY (leaderboard_id);


--
-- TOC entry 4894 (class 2606 OID 17675)
-- Name: players players_pkey; Type: CONSTRAINT; Schema: public; Owner: postgres
--

ALTER TABLE ONLY public.players
    ADD CONSTRAINT players_pkey PRIMARY KEY (player_id);


--
-- TOC entry 4896 (class 2606 OID 17677)
-- Name: players players_username_key; Type: CONSTRAINT; Schema: public; Owner: postgres
--

ALTER TABLE ONLY public.players
    ADD CONSTRAINT players_username_key UNIQUE (username);


--
-- TOC entry 4923 (class 2606 OID 17846)
-- Name: session_stats session_stats_pkey; Type: CONSTRAINT; Schema: public; Owner: postgres
--

ALTER TABLE ONLY public.session_stats
    ADD CONSTRAINT session_stats_pkey PRIMARY KEY (stat_id);


--
-- TOC entry 4915 (class 2606 OID 17788)
-- Name: tower_upgrades tower_upgrades_pkey; Type: CONSTRAINT; Schema: public; Owner: postgres
--

ALTER TABLE ONLY public.tower_upgrades
    ADD CONSTRAINT tower_upgrades_pkey PRIMARY KEY (upgrade_id);


--
-- TOC entry 4913 (class 2606 OID 17775)
-- Name: towers towers_pkey; Type: CONSTRAINT; Schema: public; Owner: postgres
--

ALTER TABLE ONLY public.towers
    ADD CONSTRAINT towers_pkey PRIMARY KEY (tower_id);


--
-- TOC entry 4921 (class 2606 OID 17825)
-- Name: wave_enemies wave_enemies_pkey; Type: CONSTRAINT; Schema: public; Owner: postgres
--

ALTER TABLE ONLY public.wave_enemies
    ADD CONSTRAINT wave_enemies_pkey PRIMARY KEY (wave_enemy_id);


--
-- TOC entry 4919 (class 2606 OID 17815)
-- Name: waves waves_pkey; Type: CONSTRAINT; Schema: public; Owner: postgres
--

ALTER TABLE ONLY public.waves
    ADD CONSTRAINT waves_pkey PRIMARY KEY (wave_id);


--
-- TOC entry 4935 (class 1259 OID 18032)
-- Name: auth_group_name_a6ea08ec_like; Type: INDEX; Schema: public; Owner: postgres
--

CREATE INDEX auth_group_name_a6ea08ec_like ON public.auth_group USING btree (name varchar_pattern_ops);


--
-- TOC entry 4940 (class 1259 OID 17963)
-- Name: auth_group_permissions_group_id_b120cbf9; Type: INDEX; Schema: public; Owner: postgres
--

CREATE INDEX auth_group_permissions_group_id_b120cbf9 ON public.auth_group_permissions USING btree (group_id);


--
-- TOC entry 4943 (class 1259 OID 17964)
-- Name: auth_group_permissions_permission_id_84c5c92e; Type: INDEX; Schema: public; Owner: postgres
--

CREATE INDEX auth_group_permissions_permission_id_84c5c92e ON public.auth_group_permissions USING btree (permission_id);


--
-- TOC entry 4930 (class 1259 OID 17949)
-- Name: auth_permission_content_type_id_2f476e4b; Type: INDEX; Schema: public; Owner: postgres
--

CREATE INDEX auth_permission_content_type_id_2f476e4b ON public.auth_permission USING btree (content_type_id);


--
-- TOC entry 4951 (class 1259 OID 17979)
-- Name: auth_user_groups_group_id_97559544; Type: INDEX; Schema: public; Owner: postgres
--

CREATE INDEX auth_user_groups_group_id_97559544 ON public.auth_user_groups USING btree (group_id);


--
-- TOC entry 4954 (class 1259 OID 17978)
-- Name: auth_user_groups_user_id_6a12ed8b; Type: INDEX; Schema: public; Owner: postgres
--

CREATE INDEX auth_user_groups_user_id_6a12ed8b ON public.auth_user_groups USING btree (user_id);


--
-- TOC entry 4957 (class 1259 OID 17993)
-- Name: auth_user_user_permissions_permission_id_1fbb5f2c; Type: INDEX; Schema: public; Owner: postgres
--

CREATE INDEX auth_user_user_permissions_permission_id_1fbb5f2c ON public.auth_user_user_permissions USING btree (permission_id);


--
-- TOC entry 4960 (class 1259 OID 17992)
-- Name: auth_user_user_permissions_user_id_a95ead1b; Type: INDEX; Schema: public; Owner: postgres
--

CREATE INDEX auth_user_user_permissions_user_id_a95ead1b ON public.auth_user_user_permissions USING btree (user_id);


--
-- TOC entry 4948 (class 1259 OID 18025)
-- Name: auth_user_username_6821ab7c_like; Type: INDEX; Schema: public; Owner: postgres
--

CREATE INDEX auth_user_username_6821ab7c_like ON public.auth_user USING btree (username varchar_pattern_ops);


--
-- TOC entry 4963 (class 1259 OID 18019)
-- Name: django_admin_log_content_type_id_c4bce8eb; Type: INDEX; Schema: public; Owner: postgres
--

CREATE INDEX django_admin_log_content_type_id_c4bce8eb ON public.django_admin_log USING btree (content_type_id);


--
-- TOC entry 4966 (class 1259 OID 18020)
-- Name: django_admin_log_user_id_c564eba6; Type: INDEX; Schema: public; Owner: postgres
--

CREATE INDEX django_admin_log_user_id_c564eba6 ON public.django_admin_log USING btree (user_id);


--
-- TOC entry 4967 (class 1259 OID 18046)
-- Name: django_session_expire_date_a5c62663; Type: INDEX; Schema: public; Owner: postgres
--

CREATE INDEX django_session_expire_date_a5c62663 ON public.django_session USING btree (expire_date);


--
-- TOC entry 4970 (class 1259 OID 18045)
-- Name: django_session_session_key_c0390e0f_like; Type: INDEX; Schema: public; Owner: postgres
--

CREATE INDEX django_session_session_key_c0390e0f_like ON public.django_session USING btree (session_key varchar_pattern_ops);


--
-- TOC entry 4911 (class 1259 OID 17762)
-- Name: idx_achievements_player; Type: INDEX; Schema: public; Owner: postgres
--

CREATE INDEX idx_achievements_player ON public.achievements USING btree (player_id);


--
-- TOC entry 4903 (class 1259 OID 17723)
-- Name: idx_ad_clicks_ad_identifier; Type: INDEX; Schema: public; Owner: postgres
--

CREATE INDEX idx_ad_clicks_ad_identifier ON public.ad_clicks USING btree (ad_identifier);


--
-- TOC entry 4904 (class 1259 OID 17722)
-- Name: idx_ad_clicks_player; Type: INDEX; Schema: public; Owner: postgres
--

CREATE INDEX idx_ad_clicks_player ON public.ad_clicks USING btree (player_id);


--
-- TOC entry 4973 (class 1259 OID 18085)
-- Name: idx_buffs_active; Type: INDEX; Schema: public; Owner: postgres
--

CREATE INDEX idx_buffs_active ON public.buffs USING btree (is_active, expires_at);


--
-- TOC entry 4974 (class 1259 OID 18083)
-- Name: idx_buffs_player; Type: INDEX; Schema: public; Owner: postgres
--

CREATE INDEX idx_buffs_player ON public.buffs USING btree (player_id);


--
-- TOC entry 4975 (class 1259 OID 18084)
-- Name: idx_buffs_session; Type: INDEX; Schema: public; Owner: postgres
--

CREATE INDEX idx_buffs_session ON public.buffs USING btree (session_id);


--
-- TOC entry 4899 (class 1259 OID 17697)
-- Name: idx_game_sessions_player; Type: INDEX; Schema: public; Owner: postgres
--

CREATE INDEX idx_game_sessions_player ON public.game_sessions USING btree (player_id);


--
-- TOC entry 4900 (class 1259 OID 17698)
-- Name: idx_game_sessions_start_time; Type: INDEX; Schema: public; Owner: postgres
--

CREATE INDEX idx_game_sessions_start_time ON public.game_sessions USING btree (start_time);


--
-- TOC entry 4905 (class 1259 OID 17742)
-- Name: idx_leaderboard_player; Type: INDEX; Schema: public; Owner: postgres
--

CREATE UNIQUE INDEX idx_leaderboard_player ON public.leaderboard USING btree (player_id);


--
-- TOC entry 4906 (class 1259 OID 17743)
-- Name: idx_leaderboard_rank; Type: INDEX; Schema: public; Owner: postgres
--

CREATE INDEX idx_leaderboard_rank ON public.leaderboard USING btree (rank);


--
-- TOC entry 4892 (class 1259 OID 17678)
-- Name: idx_players_username; Type: INDEX; Schema: public; Owner: postgres
--

CREATE INDEX idx_players_username ON public.players USING btree (username);


--
-- TOC entry 4980 (class 2606 OID 17757)
-- Name: achievements achievements_player_id_fkey; Type: FK CONSTRAINT; Schema: public; Owner: postgres
--

ALTER TABLE ONLY public.achievements
    ADD CONSTRAINT achievements_player_id_fkey FOREIGN KEY (player_id) REFERENCES public.players(player_id) ON DELETE CASCADE;


--
-- TOC entry 4977 (class 2606 OID 17712)
-- Name: ad_clicks ad_clicks_player_id_fkey; Type: FK CONSTRAINT; Schema: public; Owner: postgres
--

ALTER TABLE ONLY public.ad_clicks
    ADD CONSTRAINT ad_clicks_player_id_fkey FOREIGN KEY (player_id) REFERENCES public.players(player_id) ON DELETE SET NULL;


--
-- TOC entry 4978 (class 2606 OID 17717)
-- Name: ad_clicks ad_clicks_session_id_fkey; Type: FK CONSTRAINT; Schema: public; Owner: postgres
--

ALTER TABLE ONLY public.ad_clicks
    ADD CONSTRAINT ad_clicks_session_id_fkey FOREIGN KEY (session_id) REFERENCES public.game_sessions(session_id) ON DELETE SET NULL;


--
-- TOC entry 4986 (class 2606 OID 17958)
-- Name: auth_group_permissions auth_group_permissio_permission_id_84c5c92e_fk_auth_perm; Type: FK CONSTRAINT; Schema: public; Owner: postgres
--

ALTER TABLE ONLY public.auth_group_permissions
    ADD CONSTRAINT auth_group_permissio_permission_id_84c5c92e_fk_auth_perm FOREIGN KEY (permission_id) REFERENCES public.auth_permission(id) DEFERRABLE INITIALLY DEFERRED;


--
-- TOC entry 4987 (class 2606 OID 17953)
-- Name: auth_group_permissions auth_group_permissions_group_id_b120cbf9_fk_auth_group_id; Type: FK CONSTRAINT; Schema: public; Owner: postgres
--

ALTER TABLE ONLY public.auth_group_permissions
    ADD CONSTRAINT auth_group_permissions_group_id_b120cbf9_fk_auth_group_id FOREIGN KEY (group_id) REFERENCES public.auth_group(id) DEFERRABLE INITIALLY DEFERRED;


--
-- TOC entry 4985 (class 2606 OID 17944)
-- Name: auth_permission auth_permission_content_type_id_2f476e4b_fk_django_co; Type: FK CONSTRAINT; Schema: public; Owner: postgres
--

ALTER TABLE ONLY public.auth_permission
    ADD CONSTRAINT auth_permission_content_type_id_2f476e4b_fk_django_co FOREIGN KEY (content_type_id) REFERENCES public.django_content_type(id) DEFERRABLE INITIALLY DEFERRED;


--
-- TOC entry 4988 (class 2606 OID 17973)
-- Name: auth_user_groups auth_user_groups_group_id_97559544_fk_auth_group_id; Type: FK CONSTRAINT; Schema: public; Owner: postgres
--

ALTER TABLE ONLY public.auth_user_groups
    ADD CONSTRAINT auth_user_groups_group_id_97559544_fk_auth_group_id FOREIGN KEY (group_id) REFERENCES public.auth_group(id) DEFERRABLE INITIALLY DEFERRED;


--
-- TOC entry 4989 (class 2606 OID 17968)
-- Name: auth_user_groups auth_user_groups_user_id_6a12ed8b_fk_auth_user_id; Type: FK CONSTRAINT; Schema: public; Owner: postgres
--

ALTER TABLE ONLY public.auth_user_groups
    ADD CONSTRAINT auth_user_groups_user_id_6a12ed8b_fk_auth_user_id FOREIGN KEY (user_id) REFERENCES public.auth_user(id) DEFERRABLE INITIALLY DEFERRED;


--
-- TOC entry 4990 (class 2606 OID 17987)
-- Name: auth_user_user_permissions auth_user_user_permi_permission_id_1fbb5f2c_fk_auth_perm; Type: FK CONSTRAINT; Schema: public; Owner: postgres
--

ALTER TABLE ONLY public.auth_user_user_permissions
    ADD CONSTRAINT auth_user_user_permi_permission_id_1fbb5f2c_fk_auth_perm FOREIGN KEY (permission_id) REFERENCES public.auth_permission(id) DEFERRABLE INITIALLY DEFERRED;


--
-- TOC entry 4991 (class 2606 OID 17982)
-- Name: auth_user_user_permissions auth_user_user_permissions_user_id_a95ead1b_fk_auth_user_id; Type: FK CONSTRAINT; Schema: public; Owner: postgres
--

ALTER TABLE ONLY public.auth_user_user_permissions
    ADD CONSTRAINT auth_user_user_permissions_user_id_a95ead1b_fk_auth_user_id FOREIGN KEY (user_id) REFERENCES public.auth_user(id) DEFERRABLE INITIALLY DEFERRED;


--
-- TOC entry 4994 (class 2606 OID 18078)
-- Name: buffs buffs_ad_click_id_fkey; Type: FK CONSTRAINT; Schema: public; Owner: postgres
--

ALTER TABLE ONLY public.buffs
    ADD CONSTRAINT buffs_ad_click_id_fkey FOREIGN KEY (ad_click_id) REFERENCES public.ad_clicks(click_id) ON DELETE SET NULL;


--
-- TOC entry 4995 (class 2606 OID 18068)
-- Name: buffs buffs_player_id_fkey; Type: FK CONSTRAINT; Schema: public; Owner: postgres
--

ALTER TABLE ONLY public.buffs
    ADD CONSTRAINT buffs_player_id_fkey FOREIGN KEY (player_id) REFERENCES public.players(player_id) ON DELETE CASCADE;


--
-- TOC entry 4996 (class 2606 OID 18073)
-- Name: buffs buffs_session_id_fkey; Type: FK CONSTRAINT; Schema: public; Owner: postgres
--

ALTER TABLE ONLY public.buffs
    ADD CONSTRAINT buffs_session_id_fkey FOREIGN KEY (session_id) REFERENCES public.game_sessions(session_id) ON DELETE CASCADE;


--
-- TOC entry 4992 (class 2606 OID 18009)
-- Name: django_admin_log django_admin_log_content_type_id_c4bce8eb_fk_django_co; Type: FK CONSTRAINT; Schema: public; Owner: postgres
--

ALTER TABLE ONLY public.django_admin_log
    ADD CONSTRAINT django_admin_log_content_type_id_c4bce8eb_fk_django_co FOREIGN KEY (content_type_id) REFERENCES public.django_content_type(id) DEFERRABLE INITIALLY DEFERRED;


--
-- TOC entry 4993 (class 2606 OID 18014)
-- Name: django_admin_log django_admin_log_user_id_c564eba6_fk_auth_user_id; Type: FK CONSTRAINT; Schema: public; Owner: postgres
--

ALTER TABLE ONLY public.django_admin_log
    ADD CONSTRAINT django_admin_log_user_id_c564eba6_fk_auth_user_id FOREIGN KEY (user_id) REFERENCES public.auth_user(id) DEFERRABLE INITIALLY DEFERRED;


--
-- TOC entry 4976 (class 2606 OID 17692)
-- Name: game_sessions game_sessions_player_id_fkey; Type: FK CONSTRAINT; Schema: public; Owner: postgres
--

ALTER TABLE ONLY public.game_sessions
    ADD CONSTRAINT game_sessions_player_id_fkey FOREIGN KEY (player_id) REFERENCES public.players(player_id) ON DELETE CASCADE;


--
-- TOC entry 4979 (class 2606 OID 17737)
-- Name: leaderboard leaderboard_player_id_fkey; Type: FK CONSTRAINT; Schema: public; Owner: postgres
--

ALTER TABLE ONLY public.leaderboard
    ADD CONSTRAINT leaderboard_player_id_fkey FOREIGN KEY (player_id) REFERENCES public.players(player_id) ON DELETE CASCADE;


--
-- TOC entry 4984 (class 2606 OID 17847)
-- Name: session_stats session_stats_session_id_fkey; Type: FK CONSTRAINT; Schema: public; Owner: postgres
--

ALTER TABLE ONLY public.session_stats
    ADD CONSTRAINT session_stats_session_id_fkey FOREIGN KEY (session_id) REFERENCES public.game_sessions(session_id) ON DELETE CASCADE;


--
-- TOC entry 4981 (class 2606 OID 17789)
-- Name: tower_upgrades tower_upgrades_tower_id_fkey; Type: FK CONSTRAINT; Schema: public; Owner: postgres
--

ALTER TABLE ONLY public.tower_upgrades
    ADD CONSTRAINT tower_upgrades_tower_id_fkey FOREIGN KEY (tower_id) REFERENCES public.towers(tower_id) ON DELETE CASCADE;


--
-- TOC entry 4982 (class 2606 OID 17831)
-- Name: wave_enemies wave_enemies_enemy_id_fkey; Type: FK CONSTRAINT; Schema: public; Owner: postgres
--

ALTER TABLE ONLY public.wave_enemies
    ADD CONSTRAINT wave_enemies_enemy_id_fkey FOREIGN KEY (enemy_id) REFERENCES public.enemies(enemy_id) ON DELETE CASCADE;


--
-- TOC entry 4983 (class 2606 OID 17826)
-- Name: wave_enemies wave_enemies_wave_id_fkey; Type: FK CONSTRAINT; Schema: public; Owner: postgres
--

ALTER TABLE ONLY public.wave_enemies
    ADD CONSTRAINT wave_enemies_wave_id_fkey FOREIGN KEY (wave_id) REFERENCES public.waves(wave_id) ON DELETE CASCADE;


-- Completed on 2025-12-30 22:27:31

--
-- PostgreSQL database dump complete
--

\unrestrict XKW4cudzClvR4686TXxWUxayUnbKG6zkgXkB4vN2rOz9krcQRc7McwXFGDhKdab

